,LIEU_VILLE,LIEU_CODE_POSTAL,LIEU_COORD_GPS_X,LIEU_COORD_GPS_Y,NOM_ZONE,TYPE_LIEU_V2_1,TYPE_LIEU_V2_2,TYPE_DECHET,SURFACE,DATE,VOLUME_TOTAL,dd,ff,t,ww,rr24,rr_weekly,rr_monthly,NB_DECHET_SECTEUR_ALIMENTATION,NB_DECHET_SECTEUR_TABAC,NB_DECHET_SECTEUR_PHARMACEUTIQUE/PARAMÉDICAL,wind_flow,saison
0,Marseille,13008,5.341674173,43.21378629,Anse de la Maronaise,Littoral (terrestre),"Plage (sable, galets, gravillons)",Echoué,58555.27676,2019-05-25,503.0,240.0,2.9,294.85,0.0,0.0,5.1,10.4,108.0,0.0,0.0,SO,pringtemps
1,Marseille,13008,5.342950318,43.21394107,Anse de la Maronaise,Littoral (terrestre),"Espace naturel en arrière plage/côte (calanques, colline …)",Présent au sol (abandonné),152231.8456,2019-05-25,1630.0,240.0,2.9,294.85,0.0,0.0,5.1,10.4,0.0,0.0,0.0,SO,pringtemps
3,Marseille,13015,5.363345,43.353322,La cascade des Aygalades,Cours d'eau,Berge naturelle (hors plage),Présent au sol (abandonné) ou échoué,0.0,2019-05-25,7170.0,240.0,2.9,294.85,0.0,0.0,5.1,10.4,152.0,0.0,0.0,SO,pringtemps
5,Marseille,13008,5.383609466,43.21041466,Podestat,Littoral (terrestre),Digue et ouvrage,Présent au sol (abandonné) ou échoué,41598.35629,2019-05-25,180.0,240.0,2.9,294.85,0.0,0.0,5.1,10.4,28.0,0.0,0.0,SO,pringtemps
6,Marseille,13008,5.364626362,43.21036467,de callelongue a la calanque des queyrons,Littoral (terrestre),Rocher et crique,Présent au sol (abandonné) ou échoué,466524.498,2019-05-25,1200.0,240.0,2.9,294.85,0.0,0.0,5.1,10.4,102.0,0.0,0.0,SO,pringtemps
12,Marseille,13007,5.299445014,43.26971251,Plage de Pomègues,Littoral (terrestre),"Plage (sable, galets, gravillons)",Echoué,299.4126948,2019-07-11,25.95,260.0,5.5,303.15,0.0,0.0,0.5,2.7,1243.0,79.0,8.0,OSO,été
13,Marseille,13007,5.308434218,43.28276022,Morgiret-St Esteve,Littoral (terrestre),Rocher et crique,Présent au sol (abandonné),17229.69281,2019-10-25,20.0,330.0,2.2,292.85,0.0,0.0,122.3,156.5,38.0,0.0,0.0,NO,automne
14,Marseille,13008,5.342977646,43.21485922,Plage de la Maronaise,Littoral (terrestre),"Plage (sable, galets, gravillons)",Présent au sol (abandonné) ou échoué,666.9088132,2019-11-06,165.0,310.0,11.5,288.45,0.0,0.2,55.8,125.3,11.0,0.0,0.0,ONO,automne
17,Marseille,13007,5.299433165,43.26969653,Plage de Pomègues,Littoral (terrestre),"Plage (sable, galets, gravillons)",Echoué,230.9682751,2019-09-28,23.2,,,,,,,,329.0,360.0,21.0,,automne
21,Marseille,13008,5.374298692,43.25837627,Plage de l'huveaune,Littoral (terrestre),"Plage (sable, galets, gravillons)",Présent au sol (abandonné) ou échoué,58784.6309,2019-11-02,2250.0,10.0,1.4,293.35,0.0,3.0,16.5,72.89999999999999,370.0,1065.0,0.0,N,automne
22,Marseille,13009,5.405664998,43.27226265,Promenade Dromel,Cours d'eau,Berge naturelle (hors plage),Présent au sol (abandonné) ou échoué,24893.73157,2019-10-10,818.0,320.0,11.0,294.75,0.0,0.0,0.2,151.20000000000002,134.0,0.0,0.0,NO,automne
23,Marseille,13007,5.299466051,43.26988419,Plage de Pomègues,Littoral (terrestre),"Plage (sable, galets, gravillons)",Echoué,350.4416353,2019-01-18,209.0,320.0,10.8,282.05,0.0,-0.1,0.9,0.8,2884.0,173.0,36.0,NO,Hiver
26,Marseille,13007,5.299443687,43.2698263,Plage de Pomègues,Littoral (terrestre),"Plage (sable, galets, gravillons)",Présent au sol (abandonné),594.7634494,2020-01-11,60.0,280.0,1.4,284.55,0.0,0.0,6.6000000000000005,11.6,630.0,55.0,44.0,O,Hiver
27,Marseille,13007,5.370166351,43.28407681,Notre Dame de la Garde,Zone urbaine,"Route, rue, place",Présent au sol (abandonné),10437.50852,2020-02-16,12750.0,130.0,4.2,287.35,0.0,0.0,0.4,0.5,689.0,20000.0,0.0,SE,Hiver
28,Marseille,13007,5.362156642,43.2730959,Plage du prophète,Littoral (terrestre),"Plage (sable, galets, gravillons)",Présent au sol (abandonné),5405.713779,2020-02-03,120.0,310.0,8.7,292.95,0.0,0.0,0.1,8.9,0.0,0.0,0.0,ONO,Hiver
29,Marseille,13007,5.36219827,43.27310962,Plage du prophète,Littoral (terrestre),"Plage (sable, galets, gravillons)",Présent au sol (abandonné) ou échoué,4349.995379,2020-02-11,40.0,280.0,4.6,287.65,0.0,0.0,0.0,0.0,0.0,0.0,0.0,O,Hiver
30,Marseille,13008,5.34295543,43.2148581,Anse de la maronnaise,Littoral (terrestre),"Plage (sable, galets, gravillons)",Echoué,68.8541767,2020-02-19,163.0,300.0,7.5,286.95,0.0,0.0,2.2,2.3,3.0,0.0,0.0,ONO,Hiver
32,Marseille,13007,5.362169856,43.27312217,Plage du prophète,Littoral (terrestre),"Plage (sable, galets, gravillons)",Présent au sol (abandonné) ou échoué,1663.725814,2020-03-03,1150.0,280.0,7.8,284.25,0.0,-0.1,8.5,10.7,0.0,0.0,0.0,O,pringtemps
33,Marseille,13008,5.341404171,43.21475635,Littoral anse de la Maronaise,Littoral (terrestre),"Plage (sable, galets, gravillons)",Présent au sol (abandonné) ou échoué,3784.287262,2020-10-17,979.0,260.0,4.1,289.35,0.0,0.0,0.0,11.499999999999998,288.0,2900.0,11.0,OSO,automne
34,Marseille,13008,5.343244772,43.21405484,Collines au niveau de l'anse de la Maronnaise,Littoral (terrestre),"Espace naturel en arrière plage/côte (calanques, colline …)",Présent au sol (abandonné),28891.56303,2020-10-17,2185.0,260.0,4.1,289.35,0.0,0.0,0.0,11.499999999999998,227.0,3000.0,48.0,OSO,automne
37,Marseille,13004,5.402870476,43.29699196,"Collège, cours et jardin",Zone urbaine,"Parc urbain, Jardin public",Présent au sol (abandonné),1997.588012,2020-03-12,30.0,170.0,3.6,290.85,0.0,0.0,3.8,14.8,289.0,19.0,0.0,SSE,pringtemps
38,Marseille,13000,5.323810594,43.36295819,Cour du collège,Zone urbaine,"Parc urbain, Jardin public",Présent au sol (abandonné),1337.745573,2020-03-09,400.0,320.0,11.1,287.35,0.0,-0.1,4.0,14.8,100.0,65.0,0.0,NO,pringtemps
43,Marseille,13007,5.299446921,43.26963011,Plage de Pomègues,Littoral (terrestre),"Plage (sable, galets, gravillons)",Echoué,331.4674018,2019-04-22,101.5,80.0,9.4,299.55,0.0,0.0,0.1,59.9,1178.0,441.0,80.0,ENE,pringtemps
47,Marseille,13007,5.299477624,43.26978869,Plage de Pomègues,Littoral (terrestre),"Plage (sable, galets, gravillons)",Présent au sol (abandonné) ou échoué,264.5832627,2020-07-10,14.95,290.0,4.1,303.95,0.0,0.0,0.0,-0.1,187.0,18.0,36.0,O,été
49,Marseille,13007,5.319198649,43.28500835,"plage de l'Eoube (ile de Ratonneau, archipel du Frioul)",Littoral (terrestre),"Plage (sable, galets, gravillons)",Echoué,83.7176235,2020-07-08,53.0,160.0,4.4,302.15,0.0,0.0,0.0,-0.1,42.0,0.0,0.0,SSE,été
51,Marseille,13008,5.34322483,43.21360757,Littoral maritime port des Goudes - Callelongue,Mer-Océan,Mer-Océan,Flottant,104497.2119,2020-10-17,100.0,260.0,4.1,289.35,0.0,0.0,0.0,11.499999999999998,20.0,0.0,1.0,OSO,automne
52,Marseille,13008,5.367402891,43.24528262,Port Pointe rouge,Littoral (terrestre),Digue et ouvrage,Présent au sol (abandonné),5110.134205,2020-09-06,7350.0,300.0,9.3,301.75,0.0,0.0,0.0,3.1,0.0,0.0,0.0,ONO,automne
54,Marseille,13000,5.290815894,43.35799696,Corbieres,Littoral (terrestre),Digue et ouvrage,Présent au sol (abandonné),23486.1089,2020-10-17,9800.0,260.0,4.1,289.35,0.0,0.0,0.0,11.499999999999998,5549.0,0.0,0.0,OSO,automne
57,Marseille,13008,5.349315633,43.228857,Calanques de Samena et du Mauvais Pas,Littoral (terrestre),"Plage (sable, galets, gravillons)",Présent au sol (abandonné),57820.90269,2020-10-17,1680.0,260.0,4.1,289.35,0.0,0.0,0.0,11.499999999999998,1511.0,99.0,19.0,OSO,automne
58,Marseille,13009,5.498142513,43.23553523,Route Gaston Rebuffat - En Vau - Foret domaniale de la Gardiole,Zone naturelle ou rurale (hors littoral et montagne),Forêt,Présent au sol (abandonné),464194.7958,2020-10-17,6000.0,260.0,4.1,289.35,0.0,0.0,0.0,11.499999999999998,44.0,40.0,7.0,OSO,automne
59,Marseille,13007,5.299472678,43.26980723,Plage de Pomègues,Littoral (terrestre),"Plage (sable, galets, gravillons)",Présent au sol (abandonné),274.6529493,2020-09-17,23.2,180.0,5.8,301.95,0.0,0.0,0.3,8.2,325.0,360.0,26.0,S,automne
62,Marseille,13015,5.363098832,43.35238765,Cité des arts de la rue,Cours d'eau,Berge naturelle (hors plage),Présent au sol (abandonné),4874.573017,2020-10-17,4800.0,260.0,4.1,289.35,0.0,0.0,0.0,11.499999999999998,0.0,0.0,0.0,OSO,automne
66,Marseille,13008,5.365375983,43.21004167,de callelongue à la calanques des queyrons en suivant le GR,Littoral (terrestre),Sentier et chemin,Présent au sol (abandonné),485005.5354,2020-10-17,800.0,260.0,4.1,289.35,0.0,0.0,0.0,11.499999999999998,65.0,0.0,0.0,OSO,automne
67,Marseille,13008,5.353125339,43.2122571,Calanque de Callelongue,Littoral (terrestre),Port,Présent au sol (abandonné),147290.3135,2020-10-17,15000.0,260.0,4.1,289.35,0.0,0.0,0.0,11.499999999999998,0.0,0.0,0.0,OSO,automne
68,Marseille,13008,5.372526921,43.20931439,Calanque de Marseilleveyre,Littoral (terrestre),Rocher et crique,Présent au sol (abandonné) ou échoué,33743.76241,2020-10-17,900.0,260.0,4.1,289.35,0.0,0.0,0.0,11.499999999999998,0.0,0.0,0.0,OSO,automne
69,Marseille,13008,5.366626788,43.24295354,Darse sud port Pointe Rouge,Littoral (terrestre),Port,Flottant,3317.321183,2020-10-17,1500.0,260.0,4.1,289.35,0.0,0.0,0.0,11.499999999999998,200.0,0.0,0.0,OSO,automne
71,Marseille,13008,5.35027007,43.2257693,La Madrague - La Maronaise - Calanque de Saména,Littoral (terrestre),Multi-lieux,Présent au sol (abandonné),163569.9828,2020-09-19,5750.0,160.0,10.7,304.45,0.0,-0.1,-0.1,8.1,376.0,15000.0,0.0,SSE,automne
72,Marseille,13008,5.346667069,43.22356237,Calanques de l'Escalette & Blanche,Littoral (terrestre),"Plage (sable, galets, gravillons)",Présent au sol (abandonné),73718.43037,2020-10-17,6500.0,260.0,4.1,289.35,0.0,0.0,0.0,11.499999999999998,978.0,23600.0,0.0,OSO,automne
73,Marseille,13009,5.437436192,43.22826673,Campus de Luminy,Zone naturelle ou rurale (hors littoral et montagne),Sentier et chemin,Présent au sol (abandonné),422713.239,2020-10-10,6700.0,330.0,9.2,294.15,0.0,0.0,6.299999999999998,11.4,405.0,0.0,0.0,NO,automne
74,Marseille,13008,5.350501607,43.22925298,"Spots calanque de Samena, Mauvais Pas et Mont Rose",Littoral (terrestre),Rocher et crique,Présent au sol (abandonné),170401.6568,2020-10-17,1680.0,260.0,4.1,289.35,0.0,0.0,0.0,11.499999999999998,831.0,11.0,19.0,OSO,automne
79,Marseille,13008,5.362418029,43.23992929,Plage du Bain des Dames,Littoral (terrestre),"Plage (sable, galets, gravillons)",Présent au sol (abandonné),295.7176733,2020-09-19,1.0,160.0,10.7,304.45,0.0,-0.1,-0.1,8.1,0.0,0.0,0.0,SSE,automne
80,Marseille,13008,5.359922616,43.23600415,Plage de la bonne brise,Littoral (terrestre),"Plage (sable, galets, gravillons)",Présent au sol (abandonné),765.225053,2020-09-30,2.0,290.0,2.5,294.15,0.0,0.0,0.9,79.69999999999999,0.0,0.0,0.0,O,automne
81,Marseille,13009,5.450984233,43.20250137,Calanque de la triperie,Mer-Océan,Mer-Océan,Flottant,27732.9157,2020-10-17,0.5,260.0,4.1,289.35,0.0,0.0,0.0,11.499999999999998,0.0,0.0,0.0,OSO,automne
82,Marseille,13009,5.439507762,43.2229985,Luminy,Zone naturelle ou rurale (hors littoral et montagne),Sentier et chemin,Présent au sol (abandonné),349597.5311,2020-10-17,995.0,260.0,4.1,289.35,0.0,0.0,0.0,11.499999999999998,116.0,52.0,5.0,OSO,automne
87,Marseille,13007,5.299471128,43.2697367,Plage de Pomègues,Littoral (terrestre),"Plage (sable, galets, gravillons)",Echoué,280.4234432,2021-01-11,22.75,320.0,5.2,278.35,0.0,0.2,3.5,25.8,223.0,17.0,8.0,NO,Hiver
88,Marseille,13006,5.370457837,43.28447952,ND de la Garde,Zone urbaine,"Parc urbain, Jardin public",Présent au sol (abandonné),4694.748812,2021-02-13,2805.0,10.0,2.0,280.55,0.0,1.2,24.200000000000003,24.6,650.0,10000.0,130.0,N,Hiver
92,Marseille,13008,5.384568124,43.2632498,"PArc Borely, derrière l'école de danse",Zone urbaine,"Parc urbain, Jardin public",Présent au sol (abandonné),8978.83251,2021-03-05,35.5,260.0,2.8,287.95,0.0,-0.1,-0.1,0.8999999999999999,11.0,0.0,3.0,OSO,pringtemps
94,Marseille,13002,5.362429215,43.29567203,Digue du Mucem,Littoral (terrestre),Port,Présent au sol (abandonné),61480.76434,2021-03-21,20200.0,300.0,3.3,284.95,0.0,0.0,1.4,1.2,3529.0,5000.0,0.0,ONO,pringtemps
96,Marseille,13008,5.362410385,43.23990131,Plage du Bain des Dames,Littoral (terrestre),"Plage (sable, galets, gravillons)",Présent au sol (abandonné) ou échoué,442.5410801,2021-03-10,100.0,250.0,3.6,287.15,0.0,0.0,-0.1,1.0,0.0,0.0,0.0,OSO,pringtemps
98,Marseille,13008,5.341612881,43.21473893,Littoral anse de la Maronaise,Littoral (terrestre),"Plage (sable, galets, gravillons)",Présent au sol (abandonné) ou échoué,7760.394889,2021-06-05,360.0,260.0,5.5,300.35,0.0,0.2,5.3,8.9,53.0,3000.0,12.0,OSO,été
99,Marseille,13008,5.342645079,43.21417544,Colline anse de la Maronaise,Littoral (terrestre),Rocher et crique,Présent au sol (abandonné),24382.06349,2021-06-05,1845.0,260.0,5.5,300.35,0.0,0.2,5.3,8.9,383.0,8000.0,89.0,OSO,été
103,Marseille,13015,5.363001145,43.3521147,"Ruisseau des Aygalades, Cité des Arts de la Rue/Savonnerie du Midi",Cours d'eau,Berge naturelle (hors plage),Présent au sol (abandonné),23365.3105,2021-06-04,9290.0,280.0,2.7,299.95,0.0,0.2,5.0,8.700000000000001,360.0,0.0,4.0,O,été
105,Marseille,13008,5.371745639,43.26117189,plage du Prado,Littoral (terrestre),"Plage (sable, galets, gravillons)",Présent au sol (abandonné) ou échoué,27263.20451,2021-05-23,191.0,290.0,4.6,294.55,0.0,0.0,6.6,94.4,74.0,2000.0,20.0,O,pringtemps
108,Marseille,13001,5.382299648,43.29811792,La Canebière,Zone urbaine,"Route, rue, place",Présent au sol (abandonné),12419.60222,2021-05-16,80.0,270.0,2.1,292.35,0.0,2.4,25.3,87.8,5.0,6800.0,0.0,O,pringtemps
110,Marseille,13009,5.498016647,43.20239978,Calanque d'En-Vau,Littoral (terrestre),"Plage (sable, galets, gravillons)",Présent au sol (abandonné) ou échoué,2207.80384,2021-07-18,100.0,260.0,5.7,305.55,0.0,0.0,-0.1,18.5,30.0,0.0,1.0,OSO,été
112,Marseille,13009,5.421116652,43.21054847,Calanque de Sormiou,Littoral (terrestre),"Plage (sable, galets, gravillons)",Présent au sol (abandonné) ou échoué,79709.92568,2021-07-28,980.0,270.0,5.8,301.05,0.0,0.4,0.3,11.6,231.0,0.0,24.0,O,été
114,Marseille,13009,5.437717221,43.2304645,Luminy,Zone naturelle ou rurale (hors littoral et montagne),Sentier et chemin,Présent au sol (abandonné),13528.3011,2021-05-15,4000.0,200.0,3.8,291.25,0.0,0.6,22.9,85.6,0.0,0.0,0.0,SSO,pringtemps
116,Marseille,13007,5.315779964,43.28421501,Plage de Saint-Estève,Littoral (terrestre),"Plage (sable, galets, gravillons)",Présent au sol (abandonné) ou échoué,967.8409548,2021-05-05,8.0,270.0,7.2,294.35,0.0,0.6,51.8,96.4,0.0,0.0,0.0,O,pringtemps
117,Marseille,13001,5.383066367,43.29635509,lycee thiers,Zone urbaine,"Route, rue, place",Présent au sol (abandonné),44365.74265,2021-05-06,6.5,10.0,2.1,293.95,0.0,0.0,32.4,96.4,13.0,100.0,0.0,N,pringtemps
119,Marseille,13008,5.372644168,43.2093191,Calanque de MARSEILLEVEYRE,Littoral (terrestre),Rocher et crique,Présent au sol (abandonné) ou échoué,27734.50758,2021-06-05,1000.0,260.0,5.5,300.35,0.0,0.2,5.3,8.9,4.0,0.0,0.0,OSO,été
125,Marseille,13008,5.372560233,43.26010384,Digues de la plage du Prado,Littoral (terrestre),Digue et ouvrage,Présent au sol (abandonné) ou échoué,16370.63113,2021-05-16,210.0,270.0,2.1,292.35,0.0,2.4,25.3,87.8,183.0,116.0,7.0,O,pringtemps
126,Marseille,13008,5.372761971,43.25516906,Escale Borely,Mer-Océan,Mer-Océan,Flottant,19272.03246,2021-05-21,50.0,150.0,7.8,293.95,0.0,0.0,6.2,91.0,18.0,1.0,3.0,SE,pringtemps
127,Marseille,13001,5.383044621,43.29618684,Lycee Thiers,Zone urbaine,"Route, rue, place",Présent au sol (abandonné),30966.29313,2021-05-27,4.0,250.0,5.6,298.95,0.0,0.0,7.199999999999999,68.9,6.0,200.0,0.0,OSO,pringtemps
128,Marseille,13008,5.342993575,43.21493166,Plage de la Maronaise,Littoral (terrestre),"Plage (sable, galets, gravillons)",Echoué,657.1996498,2021-05-19,40.0,310.0,12.9,293.45,0.0,1.2,6.4,91.0,8.0,0.0,0.0,ONO,pringtemps
130,Marseille,13008,5.372455054,43.25851151,plages du Prado/Huveaune,Mer-Océan,Mer-Océan,Flottant,125367.1607,2021-05-23,10.25,290.0,4.6,294.55,0.0,0.0,6.6,94.4,0.0,0.0,0.0,O,pringtemps
131,Marseille,13007,5.362414784,43.29382884,Quai Marcel Pagnol,Littoral (terrestre),Port,Présent au sol (abandonné) ou échoué,1753.505766,2021-06-05,2150.0,260.0,5.5,300.35,0.0,0.2,5.3,8.9,578.0,0.0,0.0,OSO,été
140,Marseille,13007,5.369650375,43.26675584,Base nautique du Roucas blanc,Littoral (terrestre),Digue et ouvrage,Présent au sol (abandonné) ou échoué,78971.10352,2021-06-05,800.0,260.0,5.5,300.35,0.0,0.2,5.3,8.9,145.0,130.0,40.0,OSO,été
141,Marseille,13008,5.37410013,43.25412236,"Plage Borély, Bonneveine, Vieille-chapelle",Littoral (terrestre),"Plage (sable, galets, gravillons)",Présent au sol (abandonné) ou échoué,31714.71277,2021-05-23,820.0,290.0,4.6,294.55,0.0,0.0,6.6,94.4,57.0,0.0,20.0,O,pringtemps
149,Marseille,13009,5.457551649,43.23999632,Col de la gineste,Montagne,Sentier et chemin,Présent au sol (abandonné),102510.0391,2021-06-05,1300.0,260.0,5.5,300.35,0.0,0.2,5.3,8.9,678.0,0.0,85.0,OSO,été
151,Marseille,13007,5.299461282,43.26978101,Plage de Pomègues,Littoral (terrestre),"Plage (sable, galets, gravillons)",Echoué,240.4961651,2021-04-22,18.4,250.0,4.5,292.45,0.0,0.0,10.9,64.0,207.0,36.0,4.0,OSO,pringtemps
155,Marseille,13008,5.366748307,43.24334939,Partie Est du plan d'eau,Littoral (terrestre),Port,Flottant,14127.43645,2021-06-05,15.0,260.0,5.5,300.35,0.0,0.2,5.3,8.9,2.0,0.0,0.0,OSO,été
156,Marseille,13008,5.361915212,43.24045531,Plage du Bain des dames et de la batterie,Littoral (terrestre),"Plage (sable, galets, gravillons)",Présent au sol (abandonné) ou échoué,30755.43566,2021-06-05,400.0,260.0,5.5,300.35,0.0,0.2,5.3,8.9,318.0,2971.0,23.0,OSO,été
157,Marseille,13008,5.346053161,43.22316585,Escalette,Littoral (terrestre),Rocher et crique,Présent au sol (abandonné) ou échoué,35602.9901,2021-06-05,6000.0,260.0,5.5,300.35,0.0,0.2,5.3,8.9,390.0,5000.0,58.0,OSO,été
158,Marseille,13008,5.35339896,43.21217295,Callanque de Callelongue- Marseilleveyre,Littoral (terrestre),Rocher et crique,Présent au sol (abandonné),78558.51221,2021-06-05,2640.0,260.0,5.5,300.35,0.0,0.2,5.3,8.9,270.0,0.0,75.0,OSO,été
159,Marseille,13015,5.361913044,43.34757735,Entrée Centre de transfert des déchets et Jardinot,Cours d'eau,Lit du cours d'eau,Flottant,1216.861939,2021-06-04,10000.0,280.0,2.7,299.95,0.0,0.2,5.0,8.700000000000001,377.0,0.0,0.0,O,été
161,Marseille,13008,5.352451155,43.21135524,Calanque de Callelongue,Mer-Océan,Mer-Océan,Flottant,15546.83568,2021-06-05,200.0,260.0,5.5,300.35,0.0,0.2,5.3,8.9,0.0,0.0,0.0,OSO,été
162,Marseille,13007,5.299478986,43.26974629,Plage de Pomègues,Littoral (terrestre),"Plage (sable, galets, gravillons)",Echoué,223.9930067,2021-06-27,29.6,170.0,7.4,301.85,0.0,0.0,0.2,5.4,84.0,10.0,2.0,SSE,été
176,Marseille,13008,5.342714335,43.21514371,Plage de la Maronaise,Littoral (terrestre),"Plage (sable, galets, gravillons)",Présent au sol (abandonné),1930.12557,2021-06-16,36.0,,,,,,,,0.0,50.0,0.0,,été
183,Marseille,13011,5.433037467,43.28558761,Residence Saint Loup,Cours d'eau,Berge naturelle (hors plage),Présent au sol (abandonné) ou échoué,10231.94463,2021-06-03,1800.0,200.0,6.3,299.55,0.0,0.6,4.8,8.5,52.0,0.0,0.0,SSO,été
189,Marseille,13009,5.407789672,43.27441669,Dromel,Cours d'eau,Berge naturelle (hors plage),Présent au sol (abandonné) ou échoué,4399.579278,2021-06-10,1576.0,250.0,4.5,304.35,0.0,0.0,0.4,8.9,57.0,0.0,0.0,OSO,été
190,Marseille,13007,5.306734635,43.2783289,Port du Frioul,Littoral (terrestre),Port,Flottant,132577.826,2021-06-27,50.0,170.0,7.4,301.85,0.0,0.0,0.2,5.4,9.0,0.0,0.0,SSE,été
191,Marseille,13009,5.454939294,43.21182027,Calanque de Sugiton,Littoral (terrestre),Rocher et crique,Présent au sol (abandonné) ou échoué,8355.322607,2021-07-08,125.0,300.0,7.7,300.35,0.0,0.0,10.2,25.0,13.0,0.0,12.0,ONO,été
192,Marseille,13011,5.461818628,43.29053096,Emmaüs Saint Marcel,Cours d'eau,Berge naturelle (hors plage),Présent au sol (abandonné) ou échoué,2134.445777,2021-06-17,550.0,180.0,4.4,303.65,0.0,0.0,0.0,5.1000000000000005,33.0,0.0,0.0,S,été
196,Marseille,13008,5.368689566,43.26468295,Digue du Petit Roucas,Littoral (terrestre),"Plage (sable, galets, gravillons)",Présent au sol (abandonné),73624.42362,2021-06-27,11250.0,170.0,7.4,301.85,0.0,0.0,0.2,5.4,292.0,25000.0,0.0,SSE,été
197,Marseille,13007,5.349542868,43.28029023,Anse de Maldormé,Littoral (terrestre),Rocher et crique,Présent au sol (abandonné) ou échoué,692.4355852,2021-07-13,30.0,310.0,9.4,298.05,0.0,0.0,-0.1,24.1,0.0,0.0,0.0,ONO,été
199,Marseille,13011,5.49448498,43.28579027,Domaine Vallée Verte,Cours d'eau,Berge naturelle (hors plage),Présent au sol (abandonné) ou échoué,2888.140084,2021-06-24,1600.0,240.0,7.2,299.15,0.0,0.0,0.1,5.3,87.0,0.0,0.0,SO,été
200,Marseille,13007,5.302130864,43.27579832,Iles du Frioul,Littoral (terrestre),Rocher et crique,Présent au sol (abandonné) ou échoué,1754842.562,2021-06-27,491.0,170.0,7.4,301.85,0.0,0.0,0.2,5.4,71.0,0.0,15.0,SSE,été
204,Marseille,13008,5.372509128,43.25515748,Escale Borely,Mer-Océan,Mer-Océan,Flottant,31990.053,2021-07-07,75.0,270.0,1.9,300.65,0.0,0.0,10.2,36.6,44.0,0.0,1.0,O,été
208,Marseille,13009,5.4225541,43.20985341,Calanque de sormiou,Mer-Océan,Mer-Océan,Flottant,56442.40352,2021-07-28,220.0,270.0,5.8,301.05,0.0,0.4,0.3,11.6,28.0,0.0,2.0,O,été
209,Marseille,13009,5.444396849,43.21235442,Calanque de Morgiou,Mer-Océan,Mer-Océan,Flottant,3590.297806,2021-08-06,200.0,290.0,3.4,302.65,0.0,0.0,10.3,153.3,14.0,0.0,1.0,O,été
210,Marseille,13009,5.424699757,43.20889751,calanque de Sormiou,Mer-Océan,Mer-Océan,Flottant,179399.0683,2021-09-05,50.0,260.0,2.7,302.05,0.0,0.0,15.4,57.0,21.0,0.0,0.0,OSO,automne
211,Marseille,13009,5.500728625,43.20118748,Calanque d'En-Vau,Mer-Océan,Mer-Océan,Flottant,19376.19165,2021-08-15,75.0,260.0,2.2,306.15,0.0,0.0,0.0,133.10000000000002,1.0,0.0,1.0,OSO,été
212,Marseille,13008,5.348415032,43.22980858,Calanque de Saména - Mont Rose,Mer-Océan,Mer-Océan,Flottant,6785.464712,2021-07-21,1.5,260.0,2.4,304.85,0.0,0.0,0.0,15.1,2.0,0.0,0.0,OSO,été
213,Marseille,13008,5.37308014,43.25645073,Escale Borely,Mer-Océan,Mer-Océan,Flottant,106813.2755,2021-09-18,140.0,260.0,3.0,299.15,0.0,0.0,19.6,43.2,20.0,22.0,6.0,OSO,automne
214,Marseille,13008,5.339928961,43.21344551,cap Croisette,Mer-Océan,Mer-Océan,Flottant,13874.68333,2021-08-29,110.0,250.0,5.1,299.65,0.0,0.0,1.1,13.4,13.0,0.0,0.0,OSO,été
215,Marseille,13008,5.340381934,43.21557824,anse de la Maronaise,Mer-Océan,Mer-Océan,Flottant,73758.36538,2021-09-11,110.0,260.0,4.8,300.85,0.0,0.8,2.8,50.6,32.0,2.0,1.0,OSO,automne
216,Marseille,13007,5.35001496,43.28541783,Vallon des Auffes,Mer-Océan,Mer-Océan,Flottant,6741.183837,2021-09-25,270.0,120.0,4.1,302.65,0.0,0.0,2.0,39.8,95.0,22.0,9.0,ESE,automne
217,Marseille,13008,5.374200122,43.25006913,Plages de la Vieille Chapelle,Littoral (terrestre),"Plage (sable, galets, gravillons)",Présent au sol (abandonné) ou échoué,51945.1714,2021-07-11,5700.0,270.0,6.3,302.15,0.0,0.0,10.2,25.0,1057.0,19500.0,0.0,O,été
220,Marseille,13821,5.504985753,43.28509285,Berges ARKEMA,Cours d'eau,Berge naturelle (hors plage),Présent au sol (abandonné) ou échoué,4023.152822,2021-06-28,900.0,200.0,6.5,301.75,0.0,0.0,0.0,5.4,158.0,0.0,0.0,SSO,été
221,Marseille,13007,5.299475322,43.26980588,Plage de Pomègues,Littoral (terrestre),"Plage (sable, galets, gravillons)",Présent au sol (abandonné) ou échoué,393.3828385,2018-09-27,21.9,,,,,,,,270.0,113.0,11.0,,automne
222,Marseille,13007,5.29947707,43.26976925,Plage de Pomègues,Littoral (terrestre),"Plage (sable, galets, gravillons)",Présent au sol (abandonné) ou échoué,454.1307576,2018-06-18,27.9,,,,,,,,625.0,301.0,17.0,,été
225,Marseille,13009,5.455178735,43.21173707,Calanque de Sugiton,Littoral (terrestre),Rocher et crique,Présent au sol (abandonné) ou échoué,9139.919443,2021-07-19,750.0,190.0,6.7,305.35,0.0,0.0,0.0,18.5,7.0,86.0,3.0,S,été
227,Marseille,13011,5.438346205,43.28602161,Résidence Plein Ciel,Cours d'eau,Berge naturelle (hors plage),Présent au sol (abandonné) ou échoué,4945.261481,2021-06-03,2640.0,200.0,6.3,299.55,0.0,0.6,4.8,8.5,43.0,0.0,0.0,SSO,été
228,Marseille,13007,5.299462246,43.26979855,Plage de Pomègues,Littoral (terrestre),"Plage (sable, galets, gravillons)",Echoué,261.8356042,2018-04-27,317.2,,,,,,,,1384.0,1169.0,59.0,,pringtemps
229,Marseille,13009,5.434865161,43.23672401,Rue Henri Cochet et Avenue de Luminy,Zone naturelle ou rurale (hors littoral et montagne),Sentier et chemin,Présent au sol (abandonné),45052.37824,2021-07-21,950.0,260.0,2.4,304.85,0.0,0.0,0.0,15.1,94.0,1190.0,39.0,OSO,été
234,Marseille,13007,5.347602158,43.28193845,Malmousque,Littoral (terrestre),Rocher et crique,Présent au sol (abandonné),25941.30453,2021-06-05,20.0,260.0,5.5,300.35,0.0,0.2,5.3,8.9,0.0,0.0,0.0,OSO,été
235,Marseille,13009,5.436977847,43.23112206,Parking de l'université de Luminy,Zone naturelle ou rurale (hors littoral et montagne),Parking,Présent au sol (abandonné),22162.24461,2021-07-27,1918.0,180.0,7.2,301.25,0.0,0.0,-0.1,11.2,164.0,1165.0,34.0,S,été
240,Marseille,13000,5.294338691,43.35838193,Estaque -Marseille,Littoral (terrestre),Digue et ouvrage,Présent au sol (abandonné) ou échoué,36033.41417,2021-08-22,3750.0,240.0,4.4,303.05,0.0,0.0,2.2,13.0,2157.0,8512.0,104.0,SO,été
243,Marseille,13009,5.444205082,43.21245799,Calanque de Morgiou,Littoral (terrestre),Port,Présent au sol (abandonné) ou échoué,28075.68083,2021-08-05,540.0,280.0,5.2,299.55,0.0,0.4,10.5,153.5,36.0,0.0,24.0,O,été
245,Marseille,13007,5.362208778,43.29385067,Quai Marcel Pagnol,Littoral (terrestre),Port,Présent au sol (abandonné) ou échoué,813.5535111,2021-08-14,1200.0,210.0,6.1,308.35,0.0,0.0,0.2,133.10000000000002,0.0,0.0,0.0,SSO,été
246,Marseille,13007,5.349989115,43.28539567,Vallon des Auffes,Mer-Océan,Mer-Océan,Flottant,6023.914792,2021-08-22,440.0,240.0,4.4,303.05,0.0,0.0,2.2,13.0,48.0,0.0,4.0,SO,été
256,Marseille,13000,5.291286616,43.35811044,Plage de corbières,Littoral (terrestre),"Plage (sable, galets, gravillons)",Présent au sol (abandonné) ou échoué,126570.3256,2021-09-13,6000.0,200.0,5.0,301.25,0.0,0.2,3.0,50.8,1700.0,1000.0,0.0,SSO,automne
257,Marseille,13007,5.352691221,43.28009529,Anse de la fausse monnaie,Littoral (terrestre),Rocher et crique,Présent au sol (abandonné) ou échoué,4163.882117,2021-10-02,81.5,180.0,5.5,297.55,0.0,0.0,6.7,43.9,25.0,380.0,6.0,S,automne
258,Marseille,13007,5.299475433,43.2697844,Plage de Pomègues,Littoral (terrestre),"Plage (sable, galets, gravillons)",Présent au sol (abandonné) ou échoué,268.580368,2018-01-05,100.0,,,,,,,,209.0,30.0,0.0,,Hiver
259,Marseille,13007,5.299469803,43.26979619,Plage de Pomègues,Littoral (terrestre),"Plage (sable, galets, gravillons)",Présent au sol (abandonné) ou échoué,416.075846,2017-10-05,20.0,,,,,,,,135.0,44.0,1.0,,automne
260,Marseille,13007,5.299471319,43.26978009,Plage de Pomègues,Littoral (terrestre),"Plage (sable, galets, gravillons)",Présent au sol (abandonné) ou échoué,411.325434,2017-07-06,10.0,,,,,,,,117.0,43.0,3.0,,été
261,Marseille,13007,5.299465881,43.26979162,Plage de Pomègues,Littoral (terrestre),"Plage (sable, galets, gravillons)",Présent au sol (abandonné) ou échoué,276.7056324,2017-04-13,30.0,,,,,,,,673.0,275.0,15.0,,pringtemps
262,Marseille,13007,5.299460419,43.26979545,Plage de Pomègues,Littoral (terrestre),"Plage (sable, galets, gravillons)",Présent au sol (abandonné) ou échoué,300.192692,2017-01-10,100.0,,,,,,,,1715.0,106.0,35.0,,Hiver
263,Marseille,13007,5.299473078,43.26977178,Plage de Pomègues,Littoral (terrestre),"Plage (sable, galets, gravillons)",Présent au sol (abandonné) ou échoué,876.6582464,2021-09-23,17.4,300.0,4.2,299.05,0.0,0.2,10.5,39.6,122.0,117.0,16.0,ONO,automne
265,Marseille,13011,5.485516547,43.28714284,La Valentine,Cours d'eau,Berge naturelle (hors plage),Enfoui,32979.93995,2021-10-02,14000.0,180.0,5.5,297.55,0.0,0.0,6.7,43.9,835.0,0.0,0.0,S,automne
266,Marseille,13008,5.373788284,43.25887077,plage prado ecale borely,Littoral (terrestre),"Plage (sable, galets, gravillons)",Présent au sol (abandonné),198683.1364,2021-10-06,200.0,320.0,14.0,292.15,0.0,0.4,41.3,74.7,7.0,0.0,1000.0,NO,automne
268,Marseille,13007,5.354212291,43.29026604,Musée subaquatique de Marseille - Catalans,Mer-Océan,Mer-Océan,Flottant,21025.90261,2021-10-09,372.5,290.0,2.2,294.35,0.0,0.0,41.3,66.69999999999999,237.0,12.0,17.0,O,automne
269,Marseille,13008,5.372668138,43.25501613,Escale Borely,Mer-Océan,Mer-Océan,Flottant,27372.27272,2021-10-10,214.0,270.0,4.4,292.35,0.0,0.0,41.3,66.69999999999999,49.0,1.0,10.0,O,automne
274,Marseille,13008,5.342324335,43.2159566,anse de la Maronaise - les Goudes,Mer-Océan,Mer-Océan,Flottant,15358.35245,2021-10-15,900.0,260.0,2.5,293.55,0.0,0.0,0.5999999999999999,67.3,0.0,0.0,0.0,OSO,automne
275,Marseille,13008,5.346731012,43.21328802,Callelongue & Cap Croisette,Littoral (terrestre),Rocher et crique,Présent au sol (abandonné) ou échoué,201163.4822,2021-10-10,7950.0,270.0,4.4,292.35,0.0,0.0,41.3,66.69999999999999,1965.0,1000.0,0.0,O,automne
276,Marseille,13009,5.403546189,43.27129357,promenade Dromel,Zone urbaine,"Parc urbain, Jardin public",Présent au sol (abandonné),14664.99696,2021-10-25,50.0,250.0,3.2,293.25,0.0,0.0,6.200000000000001,50.0,22.0,2.0,0.0,OSO,automne
277,Marseille,13008,5.373182187,43.25767285,plage de l'huveaune,Mer-Océan,Mer-Océan,Flottant,79018.85827,2021-10-17,1455.0,260.0,3.0,293.35,0.0,0.4,1.0,67.79999999999998,156.0,0.0,110.0,OSO,automne
279,Marseille,13008,5.346873082,43.21355161,Fort Napoléon,Littoral (terrestre),"Espace naturel en arrière plage/côte (calanques, colline …)",Présent au sol (abandonné),57503.82294,2021-10-21,1230.0,310.0,5.3,293.15,0.0,5.9,6.6000000000000005,74.3,129.0,1250.0,40.0,ONO,automne
280,Marseille,13008,5.34377091,43.21415192,Colline Maronaise,Littoral (terrestre),"Espace naturel en arrière plage/côte (calanques, colline …)",Présent au sol (abandonné),29901.04923,2021-10-21,250.0,310.0,5.3,293.15,0.0,5.9,6.6000000000000005,74.3,42.0,308.0,6.0,ONO,automne
281,Marseille,13008,5.343230684,43.2159414,Plage de la Maronaise / Digues / Goudes,Littoral (terrestre),Digue et ouvrage,Flottant,21026.59107,2021-10-21,175.0,310.0,5.3,293.15,0.0,5.9,6.6000000000000005,74.3,55.0,500.0,11.0,ONO,automne
282,Marseille,13008,5.340740201,43.2140792,Maronnaise Est / Cap Croisette,Littoral (terrestre),Rocher et crique,Présent au sol (abandonné) ou échoué,22726.5071,2021-10-21,232.0,310.0,5.3,293.15,0.0,5.9,6.6000000000000005,74.3,50.0,250.0,7.0,ONO,automne
283,Marseille,13008,5.340278002,43.21454373,Plage Croisette,Littoral (terrestre),"Plage (sable, galets, gravillons)",Flottant,2647.206372,2021-10-21,460.0,310.0,5.3,293.15,0.0,5.9,6.6000000000000005,74.3,13.0,0.0,10.0,ONO,automne
284,Marseille,13008,5.368974193,43.25751551,plage de l'huveaune,Mer-Océan,Mer-Océan,Flottant,316710.3376,2021-10-24,3751.0,250.0,3.4,293.35,0.0,0.2,6.4,55.4,375.0,6.0,29.0,OSO,automne
286,Marseille,13008,5.34056567,43.21591333,Les Goudes,Mer-Océan,Mer-Océan,Flottant,66647.89285,2021-11-06,857.0,320.0,4.6,288.35,0.0,0.0,26.9,61.2,0.0,0.0,0.0,NO,automne
288,Marseille,13009,5.401618152,43.23072384,Quartier autour de l'école des Calanques et Vallon de la Jarre,Zone naturelle ou rurale (hors littoral et montagne),Champ - prairie - lande - garrigue - maquis,Présent au sol (abandonné),702381.1134,2021-09-24,0.0,290.0,2.3,299.45,0.0,0.2,2.0,39.8,0.0,0.0,0.0,O,automne
289,Marseille,13009,5.431762825,43.23556668,Luminy,Zone naturelle ou rurale (hors littoral et montagne),Sentier et chemin,Présent au sol (abandonné),196344.0334,2021-09-18,0.0,260.0,3.0,299.15,0.0,0.0,19.6,43.2,0.0,0.0,0.0,OSO,automne
290,Marseille,13008,5.367288023,43.24552858,Digue Est du Port de la Pointe Rouge,Littoral (terrestre),Digue et ouvrage,Présent au sol (abandonné) ou échoué,6687.671784,2022-01-08,3951.0,300.0,8.3,285.65,0.0,-0.1,0.6,5.0,1502.0,100.0,370.0,ONO,Hiver
291,Marseille,13006,5.370487624,43.28466095,Notre Dame de la Garde,Zone urbaine,"Parc urbain, Jardin public",Présent au sol (abandonné),5275.925127,2022-02-13,8542.0,130.0,7.3,286.25,0.0,0.0,0.0,9.9,2066.0,30000.0,340.0,SE,Hiver
294,Marseille,13008,5.372392682,43.25210912,Digue et plage de la vieille chapelle,Littoral (terrestre),Digue et ouvrage,Présent au sol (abandonné) ou échoué,18419.03984,2021-11-18,460.0,340.0,2.6,288.35,0.0,0.0,16.799999999999997,85.8,49.0,100.0,8.0,NNO,automne
297,Marseille,13008,5.375237965,43.25636234,Plage Borely,Littoral (terrestre),"Plage (sable, galets, gravillons)",Présent au sol (abandonné) ou échoué,168.4432518,2021-11-25,30.0,300.0,2.3,284.35,63.0,24.4,30.3,109.8,2.0,0.0,1.0,ONO,automne
299,Marseille,13008,5.342204648,43.21508282,Marseille - Anse de la maronaire,Littoral (terrestre),Rocher et crique,Enfoui,8226.704948,2021-06-05,979.0,260.0,5.5,300.35,0.0,0.2,5.3,8.9,0.0,0.0,0.0,OSO,été
316,Marseille,13007,5.355154305,43.29059708,Plage des catalans - Marseille,Littoral (terrestre),"Plage (sable, galets, gravillons)",Présent au sol (abandonné) ou échoué,10672.28726,2021-09-04,4325.5,260.0,4.1,299.55,0.0,15.1,15.4,57.0,1492.0,30000.0,132.0,OSO,automne
317,Marseille,13007,5.346191252,43.28161962,Plateau de malmousque - Marseille,Littoral (terrestre),Digue et ouvrage,Présent au sol (abandonné) ou échoué,5671.458464,2021-09-05,1431.0,260.0,2.7,302.05,0.0,0.0,15.4,57.0,2339.0,20524.0,94.0,OSO,automne
318,Marseille,13008,5.341847477,43.21486927,Calanques Goudes - Marseille,Littoral (terrestre),"Plage (sable, galets, gravillons)",Présent au sol (abandonné) ou échoué,12498.76639,2021-09-11,1605.0,260.0,4.8,300.85,0.0,0.8,2.8,50.6,1529.0,5521.0,154.0,OSO,automne
329,Marseille,13008,5.374594831,43.2554341,Plage du prado - Marseille,Littoral (terrestre),"Plage (sable, galets, gravillons)",Présent au sol (abandonné) ou échoué,129971.6346,2021-10-06,520.0,320.0,14.0,292.15,0.0,0.4,41.3,74.7,0.0,200.0,0.0,NO,automne
334,Marseille,13008,5.375239353,43.2580611,Epluchure beach,Littoral (terrestre),"Plage (sable, galets, gravillons)",Enfoui,7909.120244,2021-10-06,5000.0,320.0,14.0,292.15,0.0,0.4,41.3,74.7,0.0,0.0,0.0,NO,automne
338,Marseille,13008,5.344716213,43.2164707,Port des Goudes,Littoral (terrestre),Digue et ouvrage,Présent au sol (abandonné) ou échoué,2881.060495,2021-08-20,1797.0,260.0,3.1,303.75,0.0,0.0,2.2,84.9,0.0,0.0,0.0,OSO,été
339,Marseille,13008,5.350748523,43.2296748,"Spots calanque de Samena, Mauvais Pas et Mont Rose",Littoral (terrestre),Rocher et crique,Présent au sol (abandonné),236355.2549,2019-05-25,630.0,240.0,2.9,294.85,0.0,0.0,5.1,10.4,340.0,0.0,0.0,SO,pringtemps
340,Marseille,13008,5.371760931,43.25823901,plage du Prado/embouchure de l'Huveaune,Mer-Océan,Mer-Océan,Flottant,109905.635,2021-12-18,2175.0,270.0,1.8,282.25,0.0,0.0,0.0,24.1,49.0,0.0,3.0,O,Hiver
341,Marseille,13007,5.299486719,43.26979772,Plage de Pomègues,Littoral (terrestre),"Plage (sable, galets, gravillons)",Echoué,491.9193969,2022-01-12,18.25,240.0,2.8,281.25,0.0,0.0,0.0,4.9,176.0,29.0,18.0,SO,Hiver
343,Marseille,13008,5.344851266,43.2138226,Colline anse de la Maronaise,Littoral (terrestre),"Espace naturel en arrière plage/côte (calanques, colline …)",Présent au sol (abandonné) ou échoué,114485.6306,2022-06-04,290.0,270.0,3.7,304.15,0.0,0.0,2.3999999999999977,36.9,67.0,180.0,15.0,O,été
344,Marseille,13008,5.366069775,43.24536823,Port de la pointe rouge,Littoral (terrestre),Port,Présent au sol (abandonné) ou échoué,6435.27116,2022-01-22,450.0,330.0,4.0,281.95,0.0,0.0,-0.2,4.7,366.0,408.0,13.0,NO,Hiver
345,Marseille,13008,5.375238761,43.25647122,Plage Crabes,Littoral (terrestre),"Plage (sable, galets, gravillons)",Présent au sol (abandonné) ou échoué,5524.597049,2021-03-16,2.1,330.0,15.7,285.95,0.0,0.0,-0.1,-0.2,9.0,2.0,2.0,NO,pringtemps
346,Marseille,13007,5.352794436,43.28052763,Anse de la Fausse Monnaie,Littoral (terrestre),Port,Echoué,117.7933624,2021-03-16,0.08,330.0,15.7,285.95,0.0,0.0,-0.1,-0.2,1.0,0.0,0.0,NO,pringtemps
347,Marseille,13007,5.34854263,43.28230229,Anse de Malmousque,Littoral (terrestre),Port,Flottant,162.2870068,2021-03-19,1.36,360.0,4.8,280.25,61.0,0.6,0.6,0.3999999999999999,19.0,0.0,0.0,NNO,pringtemps
348,Marseille,13007,5.350299753,43.28044437,Anse de Maldormé,Littoral (terrestre),Rocher et crique,Enfoui,391.9474058,2021-03-24,0.3,270.0,4.1,288.65,0.0,0.0,1.4,1.2,7.0,17.0,1.0,O,pringtemps
349,Marseille,13008,5.368225193,43.26331397,Digue plage Prado / David,Littoral (terrestre),Digue et ouvrage,Présent au sol (abandonné) ou échoué,1178.33852,2021-04-02,1.59,290.0,2.8,294.55,0.0,0.0,26.3,50.7,14.0,6.0,0.0,O,pringtemps
350,Marseille,13007,5.35281662,43.28044828,Anse Fausse Monnaie,Littoral (terrestre),Port,Echoué,123.7881797,2021-04-06,0.16,310.0,18.0,284.05,10.0,0.0,3.0,53.5,2.0,3.0,0.0,ONO,pringtemps
351,Marseille,13007,5.350306959,43.28044376,Anse Maldormé,Littoral (terrestre),"Plage (sable, galets, gravillons)",Présent au sol (abandonné) ou échoué,278.9533301,2021-04-06,0.4,310.0,18.0,284.05,10.0,0.0,3.0,53.5,10.0,26.0,0.0,ONO,pringtemps
352,Marseille,13007,5.348553578,43.28231506,ANse de Malmousque,Littoral (terrestre),Port,Flottant,161.6690313,2021-04-06,0.25,310.0,18.0,284.05,10.0,0.0,3.0,53.5,2.0,1.0,1.0,ONO,pringtemps
353,Marseille,13008,5.371063746,43.2447632,Plage Pointe Rouge,Littoral (terrestre),"Plage (sable, galets, gravillons)",Echoué,4168.265312,2021-04-07,2.1,320.0,15.2,283.55,0.0,0.0,3.0,53.5,66.0,50.0,3.0,NO,pringtemps
354,Marseille,13007,5.35282814,43.28047688,Anse de la Fausse Monnaie,Littoral (terrestre),Port,Echoué,96.72374147,2021-04-08,0.28,250.0,6.4,288.55,0.0,0.0,3.0,51.7,2.0,0.0,0.0,OSO,pringtemps
355,Marseille,13008,5.342871191,43.21484695,Plage de la Maronaise,Littoral (terrestre),"Plage (sable, galets, gravillons)",Présent au sol (abandonné) ou échoué,585.3438315,2021-04-08,2.0,250.0,6.4,288.55,0.0,0.0,3.0,51.7,86.0,19.0,2.0,OSO,pringtemps
356,Marseille,13009,5.420089966,43.21003469,Plage Sormiou,Littoral (terrestre),"Plage (sable, galets, gravillons)",Présent au sol (abandonné) ou échoué,704.5345916,2021-04-12,9.6,330.0,17.2,285.45,0.0,7.2,23.8,74.5,44.0,4.0,0.0,NO,pringtemps
357,Marseille,13008,5.374651658,43.25465015,Escale Borely,Littoral (terrestre),"Plage (sable, galets, gravillons)",Présent au sol (abandonné) ou échoué,44638.2327,2022-02-06,1940.0,310.0,6.4,285.25,10.0,0.0,-0.1,12.6,377.0,2270.0,138.0,ONO,Hiver
358,Marseille,13008,5.37329867,43.25381944,Escale Borely,Littoral (terrestre),Digue et ouvrage,Présent au sol (abandonné) ou échoué,289964.9551,2022-02-06,3730.0,310.0,6.4,285.25,10.0,0.0,-0.1,12.6,1067.0,9090.0,105.0,ONO,Hiver
359,Marseille,13008,5.378771878,43.25787885,Hippodrome Borely,Zone urbaine,"Parc urbain, Jardin public",Présent au sol (abandonné),193697.0836,2022-02-06,5000.0,310.0,6.4,285.25,10.0,0.0,-0.1,12.6,0.0,0.0,0.0,ONO,Hiver
360,Marseille,13007,5.352770708,43.28011066,Anse de la fausse monnaie,Littoral (terrestre),Rocher et crique,Présent au sol (abandonné) ou échoué,2684.691892,2022-02-26,223.5,270.0,2.5,285.55,0.0,0.0,-0.1,26.6,188.0,701.0,10.0,O,Hiver
362,Marseille,13014,5.386891028,43.31940516,"Exterieurs du collège Henri Wallon, Marseille 13014",Zone urbaine,"Parc urbain, Jardin public",Présent au sol (abandonné),8373.337057,2022-01-13,172.0,270.0,2.2,281.15,0.0,0.0,-0.2,4.9,90.0,130.0,47.0,O,Hiver
364,Marseille,13013,5.408961792,43.32814099,"COllège Auguste Renoir, cour + espace naturels",Zone urbaine,"Parc urbain, Jardin public",Présent au sol (abandonné),11995.13671,2022-02-04,278.5,250.0,3.4,287.15,0.0,-0.1,-0.1,15.5,1292.0,0.0,47.0,OSO,Hiver
365,Marseille,13008,5.395327026,43.26780733,99 boulevard Michelet,Cours d'eau,Berge naturelle (hors plage),Présent au sol (abandonné),862.4556102,2022-03-20,4653.0,140.0,11.0,289.85,0.0,0.0,2.5,2.9000000000000004,518.0,1000.0,0.0,SE,pringtemps
366,Marseille,13008,5.374274881,43.25311003,Plages de l'Escale Borely,Littoral (terrestre),"Parc urbain, Jardin public",Présent au sol (abandonné),181434.7303,2022-04-30,3310.0,270.0,4.3,296.85,0.0,0.0,11.899999999999997,15.399999999999997,519.0,26000.0,127.0,O,pringtemps
367,Marseille,13008,5.371019433,43.26267401,Plage du Prado Nord,Littoral (terrestre),"Parc urbain, Jardin public",Présent au sol (abandonné) ou échoué,122899.127,2022-06-05,790.0,250.0,3.2,301.85,0.0,0.0,0.999999999999998,37.0,372.0,12001.0,11.0,OSO,été
368,Marseille,13008,5.366882121,43.24499178,Port de la Pointe Rouge,Littoral (terrestre),Port,Présent au sol (abandonné) ou échoué,1588.409385,2022-07-24,1730.0,270.0,2.5,307.75,0.0,0.0,0.0,2.2,942.0,4510.0,7.0,O,été
370,Marseille,13000,5.290054896,43.35779848,Plages de Corbières,Littoral (terrestre),"Plage (sable, galets, gravillons)",Présent au sol (abandonné) ou échoué,14988.22654,2022-09-17,4960.0,,,,,,,,5569.0,47016.0,21.0,,automne
372,Marseille,13008,5.372991278,43.25800027,plage de l'huveaune,Mer-Océan,Mer-Océan,Flottant,89070.05251,2022-03-06,1600.0,300.0,2.0,284.25,0.0,0.0,0.0,13.6,141.0,10.0,3.0,ONO,pringtemps
382,Marseille,13010,5.409413424,43.27528876,Berge de l'Huveaune - Collège Louise Michel,Cours d'eau,Berge naturelle (hors plage),Présent au sol (abandonné) ou échoué,292.0049792,2018-06-22,266.27,,,,,,,,394.0,210.0,3.0,,été
383,Marseille,13009,5.402592936,43.27091708,Promenade Dromel,Zone urbaine,"Route, rue, place",Présent au sol (abandonné),11675.93078,2022-03-26,120.0,270.0,4.7,291.65,0.0,0.0,0.4,2.8000000000000007,58.0,50.0,18.0,O,pringtemps
384,Marseille,13011,5.462065698,43.29043382,Emmaüs Saint Marcel,Cours d'eau,Lit du cours d'eau,Présent au sol (abandonné) ou échoué,1131.195016,2022-03-20,6393.0,140.0,11.0,289.85,0.0,0.0,2.5,2.9000000000000004,121.0,15.0,50.0,SE,pringtemps
385,Marseille,13009,5.406496519,43.27318167,Berges de L'Huveaune,Cours d'eau,Berge naturelle (hors plage),Enfoui,5486.502108,2022-03-03,2070.0,250.0,2.6,286.35,0.0,0.0,-0.1,26.4,77.0,0.0,0.0,OSO,pringtemps
388,Marseille,13008,5.362398465,43.24036172,Bain des dames,Littoral (terrestre),"Plage (sable, galets, gravillons)",Présent au sol (abandonné),1051.044866,2022-03-22,37.0,180.0,8.4,289.95,0.0,0.0,0.3,2.9000000000000004,7.0,714.0,2.0,S,pringtemps
392,Marseille,13015,5.362443956,43.34487731,Ruisseau des Aygalades,Cours d'eau,Berge naturelle (hors plage),Enfoui,10353.13475,2022-03-31,2000.0,310.0,10.6,291.45,0.0,1.8,3.4000000000000004,6.200000000000001,0.0,0.0,0.0,ONO,pringtemps
393,Marseille,13015,5.353604476,43.36130468,Parc Foresta,Zone urbaine,"Parc urbain, Jardin public",Présent au sol (abandonné),18983.13261,2022-04-03,1700.0,270.0,8.1,284.25,0.0,0.0,-0.1000000000000017,15.1,1023.0,0.0,49.0,O,pringtemps
395,Marseille,13015,5.348791485,43.34406896,Collège Arthur Rimbaud,Zone urbaine,"Parc urbain, Jardin public",Présent au sol (abandonné),29414.19538,2022-03-17,174.0,10.0,2.9,290.25,0.0,0.0,2.5,8.0,344.0,150.0,50.0,N,pringtemps
399,Marseille,13008,5.362459916,43.240843,Plage du bain des dames et alentours,Littoral (terrestre),"Plage (sable, galets, gravillons)",Présent au sol (abandonné) ou échoué,5834.32046,2022-05-01,605.0,260.0,4.4,295.65,0.0,0.0,5.800000000000001,11.9,101.0,1854.0,2.0,OSO,pringtemps
401,Marseille,13007,5.368798163,43.26749893,bassin du Roucas blanc,Littoral (terrestre),Digue et ouvrage,Présent au sol (abandonné) ou échoué,39758.13897,2022-05-14,1200.0,200.0,5.6,298.05,0.0,0.2,9.499999999999998,14.9,125.0,102.0,0.0,SSO,pringtemps
402,Marseille,13008,5.375873193,43.23595022,Parc Pastré,Zone naturelle ou rurale (hors littoral et montagne),Forêt,Présent au sol (abandonné),6964.444207,2022-04-29,1260.0,190.0,6.5,296.15,0.0,0.0,12.699999999999996,15.399999999999997,117.0,56.0,17.0,S,pringtemps
403,Marseille,13000,5.292138573,43.35768852,Corbières,Mer-Océan,Mer-Océan,Flottant,21525.6551,2022-05-08,355.0,210.0,6.6,295.65,0.0,0.2,0.0,5.6000000000000005,386.0,6.0,6.0,SSO,pringtemps
410,Marseille,13009,5.403706145,43.21350772,Cortiou - zone occupée par ouvriers et pêcheurs,Littoral (terrestre),Digue et ouvrage,Présent au sol (abandonné) ou échoué,4074.383266,2022-03-29,4510.0,180.0,6.0,292.75,0.0,0.0,0.0,2.8000000000000007,0.0,0.0,0.0,S,pringtemps
412,Marseille,13002,5.361367089,43.29664718,Le mucem,Littoral (terrestre),Digue et ouvrage,Présent au sol (abandonné) ou échoué,12095.32517,2022-08-28,3800.0,270.0,3.2,304.25,0.0,0.0,0.0,13.4,3523.0,12026.0,13.0,O,été
418,Marseille,13007,5.306068301,43.2821405,Friou calanque morgiret,Littoral (terrestre),"Plage (sable, galets, gravillons)",Présent au sol (abandonné) ou échoué,44761.47287,2022-06-04,190.0,270.0,3.7,304.15,0.0,0.0,2.3999999999999977,36.9,147.0,250.0,3.0,O,été
420,Marseille,13009,5.405055604,43.22940058,Quartier la Cayolle,Zone urbaine,"Route, rue, place",Présent au sol (abandonné),111654.0101,2022-05-21,1940.0,200.0,3.8,299.45,0.0,0.0,0.0,15.1,339.0,500.0,69.0,SSO,pringtemps
426,Marseille,13007,5.362061107,43.27319081,Prophète,Littoral (terrestre),"Plage (sable, galets, gravillons)",Présent au sol (abandonné) ou échoué,7147.994715,2022-06-04,227.0,270.0,3.7,304.15,0.0,0.0,2.3999999999999977,36.9,96.0,788.0,1.0,O,été
428,Marseille,13008,5.349761631,43.22959395,spot Mauvais Pas Samena et Mont Rose,Littoral (terrestre),Rocher et crique,Présent au sol (abandonné) ou échoué,77403.85565,2022-06-04,1590.0,270.0,3.7,304.15,0.0,0.0,2.3999999999999977,36.9,506.0,3047.0,21.0,O,été
430,Marseille,13008,5.363557104,43.21020705,callelongue  queyrons,Littoral (terrestre),Rocher et crique,Présent au sol (abandonné),440182.7252,2022-06-04,500.0,270.0,3.7,304.15,0.0,0.0,2.3999999999999977,36.9,0.0,0.0,0.0,O,été
432,Marseille,13009,5.43233554,43.23260205,Parking de Kedge Business School,Zone urbaine,"Route, rue, place",Présent au sol (abandonné),20638.05296,2022-06-04,2235.0,270.0,3.7,304.15,0.0,0.0,2.3999999999999977,36.9,369.0,200.0,90.0,O,été
433,Marseille,13008,5.35365864,43.21231816,Callelongue,Littoral (terrestre),Rocher et crique,Présent au sol (abandonné) ou échoué,259727.9635,2022-06-04,1328.0,270.0,3.7,304.15,0.0,0.0,2.3999999999999977,36.9,373.0,2200.0,71.0,O,été
436,Marseille,13009,5.49728189,43.20273551,Plage d'En-Vau,Littoral (terrestre),"Plage (sable, galets, gravillons)",Présent au sol (abandonné) ou échoué,7160.22923,2022-07-17,91.0,260.0,4.7,305.05,0.0,0.0,0.0,2.7,32.0,65.0,0.0,OSO,été
437,Marseille,13011,5.460595978,43.2837658,Parking et chemins de la route des Crêtes,Montagne,Sentier et chemin,Présent au sol (abandonné),14071.60315,2022-08-03,457.0,180.0,5.6,306.35,0.0,0.0,0.2,33.4,271.0,300.0,10.0,S,été
438,Marseille,13009,5.444536194,43.21221038,Calanque de Morgiou,Mer-Océan,Mer-Océan,Flottant,13013.01344,2022-06-18,716.0,180.0,8.1,308.05,0.0,0.0,0.0,4.3,121.0,2.0,0.0,S,été
441,Marseille,13007,5.352666504,43.28007595,Anse de la Fausse Monnaie,Littoral (terrestre),Rocher et crique,Présent au sol (abandonné) ou échoué,2545.324088,2022-07-23,153.5,260.0,2.7,305.65,0.0,0.0,0.0,2.2,313.0,2518.0,7.0,OSO,été
442,Marseille,13008,5.343020953,43.21493136,Plage de la Maronaise,Littoral (terrestre),"Plage (sable, galets, gravillons)",Présent au sol (abandonné) ou échoué,876.9736702,2022-06-04,31.18,270.0,3.7,304.15,0.0,0.0,2.3999999999999977,36.9,242.0,280.0,97.0,O,été
443,Marseille,13007,5.346576562,43.28106855,Anse de Malmousque,Littoral (terrestre),Digue et ouvrage,Présent au sol (abandonné),10109.77244,2022-06-25,680.0,210.0,5.7,303.55,0.0,0.0,4.799999999999998,7.1,193.0,5000.0,9.0,SSO,été
444,Marseille,13007,5.299486719,43.26979772,Plage de Pomègues,Littoral (terrestre),"Plage (sable, galets, gravillons)",Présent au sol (abandonné) ou échoué,491.9193969,2022-04-20,73.1,100.0,3.1,290.65,61.0,0.4,1.1999999999999984,9.999999999999998,163.0,41.0,30.0,E,pringtemps
445,Marseille,13008,5.34561768,43.22160756,Escalette,Littoral (terrestre),Rocher et crique,Présent au sol (abandonné),20771.36857,2022-06-04,298.1,270.0,3.7,304.15,0.0,0.0,2.3999999999999977,36.9,178.0,2415.0,13.0,O,été
446,Marseille,13008,5.340372988,43.21504893,Littoral Nord Maronaise (sans la plage),Littoral (terrestre),Rocher et crique,Présent au sol (abandonné),13340.08037,2022-06-04,310.0,270.0,3.7,304.15,0.0,0.0,2.3999999999999977,36.9,82.0,1055.0,21.0,O,été
447,Marseille,13008,5.34264682,43.21318121,Littoral Sud  Maronaise,Littoral (terrestre),Rocher et crique,Présent au sol (abandonné) ou échoué,27806.98449,2022-06-04,155.0,270.0,3.7,304.15,0.0,0.0,2.3999999999999977,36.9,21.0,415.0,2.0,O,été
452,Marseille,13009,5.437196481,43.22888528,Barrière de Luminy et alentours,Zone naturelle ou rurale (hors littoral et montagne),Sentier et chemin,Présent au sol (abandonné),15870.70023,2022-06-11,432.0,260.0,2.6,306.85,0.0,0.0,-0.100000000000002,16.8,51.0,160.0,14.0,OSO,été
454,Marseille,13008,5.348865421,43.21383575,Parking Napoléon,Littoral (terrestre),Parking,Présent au sol (abandonné),3147.903369,2022-07-05,345.0,330.0,8.3,307.25,0.0,0.0,2.2,3.6,109.0,1270.0,9.0,NO,été
456,Marseille,13008,5.373030832,43.26030963,Terrains sports en plage et alentours,Zone urbaine,"Parc urbain, Jardin public",Présent au sol (abandonné),28404.72081,2022-07-14,70.5,260.0,5.4,305.45,0.0,0.0,0.0,2.6,66.0,27001.0,2.0,OSO,été
457,Marseille,13009,5.428932598,43.23821531,Parking de l'ancienne piscine de Luminy,Zone naturelle ou rurale (hors littoral et montagne),Parking,Présent au sol (abandonné),2614.0544,2022-07-13,1562.0,190.0,7.2,303.45,0.0,0.0,0.0,3.6,301.0,170.0,3.0,S,été
458,Marseille,13007,5.299486719,43.26979772,Plage de Pomègues,Littoral (terrestre),"Plage (sable, galets, gravillons)",Présent au sol (abandonné) ou échoué,491.9193969,2022-06-23,32.8,140.0,7.6,298.05,0.0,3.5,4.899999999999998,7.799999999999999,169.0,70.0,16.0,SE,été
460,Marseille,13009,5.435145945,43.23783723,"Aire de pique nique et routes s'y rendant depuis les barrières DFCI stade, rond point et CROUS",Zone urbaine,"Route, rue, place",Présent au sol (abandonné),7624.76022,2022-07-20,249.0,250.0,7.3,306.25,0.0,0.0,0.0,2.8000000000000003,57.0,135.0,0.0,OSO,été
464,Marseille,13007,5.34994393,43.28546812,Vallon des Auffes,Multi-lieux,Multi-Lieux,Présent au sol (abandonné) ou échoué,17961.76496,2022-08-07,2400.0,280.0,2.7,305.15,0.0,0.0,0.0,33.4,597.0,1001.0,0.0,O,été
466,Marseille,13007,5.299126238,43.28149927,plage frioul,Littoral (terrestre),"Plage (sable, galets, gravillons)",Présent au sol (abandonné),626.7109933,2022-08-18,58.0,,,,,,,,39.0,1.0,0.0,,été
468,Marseille,13007,5.350052842,43.2852192,Vallon des Auffes,Littoral (terrestre),Digue et ouvrage,Présent au sol (abandonné) ou échoué,8560.183532,2022-09-11,460.0,270.0,5.7,299.55,0.0,0.0,0.0,75.5,50.0,3.0,0.0,O,automne
469,Marseille,13007,5.307500619,43.28495828,Plage du frioul,Littoral (terrestre),"Plage (sable, galets, gravillons)",Présent au sol (abandonné),1501.111045,2022-08-18,236.0,,,,,,,,26.0,29.0,6.0,,été
471,Marseille,13007,5.349694951,43.28546684,Vallon des Auffes,Mer-Océan,Mer-Océan,Flottant,25226.52653,2022-09-11,355.0,270.0,5.7,299.55,0.0,0.0,0.0,75.5,184.0,33.0,28.0,O,automne
472,Marseille,13009,5.402592936,43.27091708,Promenade Dromel,Zone urbaine,"Route, rue, place",Présent au sol (abandonné),11675.93078,2022-10-01,20.0,290.0,4.3,291.35,0.0,0.0,0.0,-0.3,47.0,200.0,4.0,O,automne
473,Marseille,13000,5.292249819,43.35765827,Corbières,Mer-Océan,Mer-Océan,Flottant,32589.11009,2022-09-17,250.0,,,,,,,,105.0,11.0,1.0,,automne
476,Marseille,13009,5.401825701,43.23146653,quartier de la Cayolle,Zone urbaine,"Route, rue, place",Présent au sol (abandonné),432903.7733,2022-09-23,991.0,210.0,6.3,297.75,0.0,0.2,1.2,5.500000000000001,457.0,505.0,54.0,SSO,automne
477,Marseille,13008,5.342974572,43.2148876,Plage de la Maronaise,Littoral (terrestre),"Plage (sable, galets, gravillons)",Présent au sol (abandonné) ou échoué,332.8853906,2021-11-06,119.9,320.0,4.6,288.35,0.0,0.0,26.9,61.2,996.0,77.0,30.0,NO,automne
479,Marseille,13008,5.350106647,43.21278284,Route de Callelongue,Littoral (terrestre),Rocher et crique,Présent au sol (abandonné) ou échoué,43852.87161,2022-09-17,1487.0,,,,,,,,484.0,10000.0,45.0,,automne
484,Marseille,13009,5.408328259,43.27487917,Dromel 2,Cours d'eau,Berge naturelle (hors plage),Présent au sol (abandonné) ou échoué,27.80650638,2022-10-18,5800.0,270.0,4.4,297.45,0.0,0.0,0.1,1.9,128.0,0.0,5.0,O,automne
486,Marseille,13009,5.404962822,43.27231121,DROMEL 1,Zone urbaine,"Route, rue, place",Enfoui,15508.89405,2022-10-19,600.0,350.0,1.5,296.55,0.0,0.2,0.3,2.1,169.0,0.0,35.0,NNO,automne
487,Marseille,13009,5.406076724,43.27295326,DROMEL 1,Zone urbaine,"Route, rue, place",Présent au sol (abandonné),7225.754732,2022-10-19,300.0,350.0,1.5,296.55,0.0,0.2,0.3,2.1,0.0,0.0,0.0,NNO,automne
489,Marseille,13008,5.396941393,43.26800217,Huveaune côté stade Vélodrome,Cours d'eau,Berge naturelle (hors plage),Présent au sol (abandonné),12727.88035,2022-10-16,3250.0,160.0,7.6,299.45,0.0,0.0,0.3,1.7,561.0,1000.0,251.0,SSE,automne
490,Marseille,13007,5.362003009,43.29387438,Quai Marcel Pagnol,Littoral (terrestre),Port,Présent au sol (abandonné),942.680356,2022-11-27,3900.0,270.0,1.9,289.35,0.0,0.0,7.399999999999999,80.69999999999999,4758.0,5060.0,53.0,O,automne
495,Marseille,13008,5.366827509,43.24521272,Club de Voile Pointe Rouge,Littoral (terrestre),Digue et ouvrage,Présent au sol (abandonné) ou échoué,3437.679887,2022-10-08,0.0,290.0,2.8,294.45,0.0,1.0,1.4,1.2,0.0,0.0,0.0,O,automne
496,Marseille,13007,5.369641841,43.26667845,Club La Pelle,Littoral (terrestre),Digue et ouvrage,Présent au sol (abandonné) ou échoué,14866.4105,2022-10-15,1600.0,270.0,1.8,297.75,0.0,0.2,0.5,1.7,178.0,140.0,4.0,O,automne
498,Marseille,13008,5.385445612,43.26292826,Parc Henri Fabre,Cours d'eau,Berge naturelle (hors plage),Présent au sol (abandonné) ou échoué,5707.38827,2022-10-15,1200.0,270.0,1.8,297.75,0.0,0.2,0.5,1.7,132.0,0.0,19.0,O,automne
499,Marseille,13007,5.299486719,43.26979772,Plage de Pomègues,Littoral (terrestre),"Plage (sable, galets, gravillons)",Echoué,491.9193969,2022-09-16,118.55,320.0,11.1,299.75,10.0,0.0,2.6,78.1,821.0,219.0,109.0,NO,automne
503,Marseille,13007,5.352958899,43.28033868,Anse de la Fausse Monnaie,Littoral (terrestre),Rocher et crique,Présent au sol (abandonné) ou échoué,851.7148746,2022-11-14,202.3,100.0,7.6,291.55,0.0,-0.1,0.5000000000000001,92.5,270.0,809.0,8.0,E,automne
511,Marseille,13007,5.289795862,43.26250242,Calanques Cambrettes,Littoral (terrestre),Rocher et crique,Présent au sol (abandonné) ou échoué,1154.340889,2022-09-30,250.0,320.0,9.5,292.25,0.0,0.0,29.6,34.2,374.0,30.0,15.0,NO,automne
512,Marseille,13007,5.304563989,43.28213602,Calanque de Morgiret,Mer-Océan,Mer-Océan,Flottant,21108.34049,2022-07-08,225.0,270.0,4.1,304.25,0.0,0.0,0.0,3.6,98.0,0.0,0.0,O,été
513,Marseille,13000,5.293898345,43.35898039,Corbières,Littoral (terrestre),Digue et ouvrage,Présent au sol (abandonné) ou échoué,1638.283785,2022-10-06,202.0,250.0,3.9,296.95,0.0,0.2,0.4,0.1,75.0,2448.0,0.0,OSO,automne
516,Marseille,13008,5.367350821,43.24521152,Pointe Rouge,Littoral (terrestre),Port,Présent au sol (abandonné) ou échoué,6124.595188,2022-10-08,980.0,290.0,2.8,294.45,0.0,1.0,1.4,1.2,410.0,1000.0,13.0,O,automne
517,Marseille,13003,5.375369002,43.31316302,Boulevard National,Zone urbaine,"Route, rue, place",Présent au sol (abandonné),13888.35397,2023-01-15,7265.0,260.0,3.1,285.25,0.0,0.0,-0.0999999999999999,1.1,5962.0,5000.0,0.0,OSO,Hiver
518,Marseille,13006,5.371127498,43.28437449,Notre Dame de la Garde,Zone urbaine,"Parc urbain, Jardin public",Présent au sol (abandonné),61591.1726,2023-02-12,4762.0,300.0,1.3,283.05,0.0,0.0,6.3,9.0,2978.0,30032.0,88.0,ONO,Hiver
519,Marseille,13007,5.348620067,43.28026932,Anse de Malmousque et ses alentours,Mer-Océan,Mer-Océan,Flottant,33946.37722,2023-03-05,39.5,260.0,5.8,283.75,0.0,0.0,10.4,28.3,6.0,0.0,0.0,OSO,pringtemps
520,Marseille,13007,5.349622998,43.28139599,Plateau de Malmousque et ses alentours,Littoral (terrestre),Multi-Lieux,Présent au sol (abandonné) ou échoué,79400.33468,2023-03-05,1661.0,260.0,5.8,283.75,0.0,0.0,10.4,28.3,402.0,6011.0,23.0,OSO,pringtemps
521,Marseille,13008,5.342997017,43.21490014,Plage de la Maronaise,Littoral (terrestre),"Plage (sable, galets, gravillons)",Présent au sol (abandonné) ou échoué,1379.876103,2022-12-05,18.3,,,,,,,,173.0,58.0,20.0,,Hiver
523,Marseille,13006,5.371113016,43.28433024,Colline de la Notre Dame de la Garde,Zone urbaine,"Parc urbain, Jardin public",Présent au sol (abandonné),60284.42014,2022-09-28,57.0,280.0,10.8,295.95,0.0,0.2,30.8,34.2,248.0,2503.0,7.0,O,automne
526,Marseille,13008,5.367022528,43.24514273,Club de Voile Pointe Rouge,Littoral (terrestre),Digue et ouvrage,Présent au sol (abandonné) ou échoué,4514.954027,2023-01-22,800.0,330.0,7.2,279.25,0.0,0.0,1.1,2.2,135.0,174.0,2.0,NO,Hiver
527,Marseille,13007,5.299521759,43.26982761,Plage de Pomègues,Littoral (terrestre),"Plage (sable, galets, gravillons)",Echoué,491.9193969,2023-01-20,22.91,330.0,16.9,280.55,10.0,0.0,1.1,2.4,148.0,41.0,7.0,NO,Hiver
529,Marseille,13007,5.318979402,43.2847957,Calanque de L'Eoube,Littoral (terrestre),"Plage (sable, galets, gravillons)",Présent au sol (abandonné) ou échoué,1047.738429,2022-11-25,1165.0,240.0,2.5,288.65,0.0,-0.1,7.399999999999999,80.69999999999999,89.0,3.0,0.0,SO,automne
531,Marseille,13007,5.3620065,43.273192,Plage du prophète,Littoral (terrestre),"Plage (sable, galets, gravillons)",Présent au sol (abandonné) ou échoué,6887.835321,2023-01-25,125.0,330.0,5.2,281.05,0.0,0.0,0.0,1.9,38.0,25.0,7.0,NO,Hiver
535,Marseille,13015,5.353263698,43.35974235,Parc Foresta,Zone urbaine,"Parc urbain, Jardin public",Présent au sol (abandonné),47329.45672,2023-03-26,3225.0,320.0,7.4,290.15,0.0,0.0,0.0,16.0,1041.0,0.0,31.0,NO,pringtemps
540,Marseille,13055,5.374567509,43.25478507,Plages du Prado,Littoral (terrestre),Digue et ouvrage,Présent au sol (abandonné) ou échoué,43938.0,2022-02-23,856.0,250.0,5.1,290.05,0.0,0.0,0.4,34.0,,,,OSO,Hiver
556,Marseille,13055,5.3064394,43.27548224,"Isles du Frioul, Marseille",Littoral (terrestre),Rocher et crique,Présent au sol (abandonné) ou échoué,1693402.0,2022-05-28,960.0,330.0,10.8,300.55,0.0,0.0,-0.2,9.1,,,,NO,pringtemps
558,Marseille,13055,5.290571451,43.35772396,Plage de Corbières,Littoral (terrestre),"Plage (sable, galets, gravillons)",Présent au sol (abandonné) ou échoué,15129.0,2022-06-03,615.5,60.0,6.5,303.25,0.0,0.4,2.9999999999999982,36.9,,,,ENE,été
567,Marseille,13055,5.380967259,43.26011638,Parc Borély,Zone urbaine,"Parc urbain, Jardin public",Présent au sol (abandonné),9103.0,2022-06-22,9.6,110.0,4.6,299.25,0.0,1.4,1.399999999999998,4.299999999999999,,,,ESE,été
590,Marseille,13055,5.303459466,43.36088146,Thalassanté,Littoral (terrestre),Port,Présent au sol (abandonné),20169.0,2022-07-24,4840.0,270.0,2.5,307.75,0.0,0.0,0.0,2.2,,,,O,été
608,Marseille,13055,5.293757021,43.35875869,Plage de la Lave,Littoral (terrestre),Digue et ouvrage,Présent au sol (abandonné) ou échoué,4136.0,2022-09-29,958.5,280.0,5.3,293.55,0.0,0.0,29.8,34.2,,,,O,automne
613,Marseille,13055,5.373103023,43.2630511,Plage du Prado,Littoral (terrestre),"Parc urbain, Jardin public",Présent au sol (abandonné),22471.0,2022-07-13,38.7,190.0,7.2,303.45,0.0,0.0,0.0,3.6,,,,S,été
