,LIEU_VILLE,LIEU_CODE_POSTAL,LIEU_COORD_GPS_X,LIEU_COORD_GPS_Y,NOM_ZONE,TYPE_LIEU_V2_1,TYPE_LIEU_V2_2,TYPE_DECHET,SURFACE,DATE,VOLUME_TOTAL,dd,ff24,ff_weekly,t,ww,rr24,rr_weekly,rr_monthly,NB_DECHET_SECTEUR_ALIMENTATION,NB_DECHET_SECTEUR_TABAC,NB_DECHET_SECTEUR_PHARMACEUTIQUE/PARAMÉDICAL,wind_flow,saison
0,Marseille,13008,5.341674173,43.21378629,Anse de la Maronaise,Littoral (terrestre),"Plage (sable, galets, gravillons)",Echoué,58555.27676,2019-05-25,503,240.0,28.172054876584678,82.15531944605121,294.85,0.0,0.0,5.1,10.4,108,0,0,SO,Printemps
1,Marseille,13008,5.342950318,43.21394107,Anse de la Maronaise,Littoral (terrestre),"Espace naturel en arrière plage/côte (calanques, colline …)",Présent au sol (abandonné),152231.8456,2019-05-25,1630,240.0,28.172054876584678,82.15531944605121,294.85,0.0,0.0,5.1,10.4,0,0,0,SO,Printemps
2,Marseille,13015,5.363345,43.353322,La cascade des Aygalades,Cours d'eau,Berge naturelle (hors plage),Présent au sol (abandonné) ou échoué,0,2019-05-25,7170,240.0,28.172054876584678,82.15531944605121,294.85,0.0,0.0,5.1,10.4,152,0,0,SO,Printemps
3,Marseille,13008,5.383609466,43.21041466,Podestat,Littoral (terrestre),Digue et ouvrage,Présent au sol (abandonné) ou échoué,41598.35629,2019-05-25,180,240.0,28.172054876584678,82.15531944605121,294.85,0.0,0.0,5.1,10.4,28,0,0,SO,Printemps
4,Marseille,13008,5.364626362,43.21036467,de callelongue a la calanque des queyrons,Littoral (terrestre),Rocher et crique,Présent au sol (abandonné) ou échoué,466524.498,2019-05-25,1200,240.0,28.172054876584678,82.15531944605121,294.85,0.0,0.0,5.1,10.4,102,0,0,SO,Printemps
5,Marseille,13007,5.299445014,43.26971251,Plage de Pomègues,Littoral (terrestre),"Plage (sable, galets, gravillons)",Echoué,299.4126948,2019-07-11,25.95,260.0,25.082653314894365,116.07358129295078,303.15,0.0,0.0,0.5,2.7,1243,79,8,OSO,Eté
6,Marseille,13007,5.308434218,43.28276022,Morgiret-St Esteve,Littoral (terrestre),Rocher et crique,Présent au sol (abandonné),17229.69281,2019-10-25,20,330.0,41.93388798741816,88.00862887331465,292.85,0.0,0.0,122.30000000000001,156.5,38,0,0,NO,Automne
7,Marseille,13008,5.342977646,43.21485922,Plage de la Maronaise,Littoral (terrestre),"Plage (sable, galets, gravillons)",Présent au sol (abandonné) ou échoué,666.9088132,2019-11-06,165,310.0,46.69983686673757,186.21382223233988,288.45,0.0,0.2,55.8,125.3,11,0,0,ONO,Automne
9,Marseille,13007,5.299433165,43.26969653,Plage de Pomègues,Littoral (terrestre),"Plage (sable, galets, gravillons)",Echoué,230.9682751,2019-09-28,23.2,,,,,,,,,329,360,21,,Automne
10,Marseille,13008,5.374298692,43.25837627,Plage de l'huveaune,Littoral (terrestre),"Plage (sable, galets, gravillons)",Présent au sol (abandonné) ou échoué,58784.6309,2019-11-02,2250,10.0,46.27884164308661,192.29605686416272,293.35,0.0,3.0,16.5,72.9,370,1065,0,N,Automne
11,Marseille,13009,5.405664998,43.27226265,Promenade Dromel,Cours d'eau,Berge naturelle (hors plage),Présent au sol (abandonné) ou échoué,24893.73157,2019-10-10,818,320.0,52.87690670379974,185.76437358606788,294.75,0.0,0.0,0.2,151.2,134,0,0,NO,Automne
12,Marseille,13007,5.299466051,43.26988419,Plage de Pomègues,Littoral (terrestre),"Plage (sable, galets, gravillons)",Echoué,350.4416353,2019-01-18,209,320.0,57.419732657703285,194.4394777409842,282.05,0.0,-0.1,0.9,0.8,2884,173,36,NO,Hiver
13,Marseille,13007,5.299443687,43.2698263,Plage de Pomègues,Littoral (terrestre),"Plage (sable, galets, gravillons)",Présent au sol (abandonné),594.7634494,2020-01-11,60,280.0,24.627714639432153,157.63280500839437,284.55,0.0,0.0,6.6000000000000005,11.6,630,55,44,O,Hiver
14,Marseille,13007,5.370166351,43.28407681,Notre Dame de la Garde,Zone urbaine,"Route, rue, place",Présent au sol (abandonné),10437.50852,2020-02-16,12750,130.0,18.905537132565968,105.93334508269409,287.35,0.0,0.0,0.4,0.5,689,20000,0,SE,Hiver
15,Marseille,13007,5.362156642,43.2730959,Plage du prophète,Littoral (terrestre),"Plage (sable, galets, gravillons)",Présent au sol (abandonné),5405.713779,2020-02-03,120,310.0,26.71503169731454,98.89944525425123,292.95,0.0,0.0,0.1,8.9,0,0,0,ONO,Hiver
16,Marseille,13007,5.36219827,43.27310962,Plage du prophète,Littoral (terrestre),"Plage (sable, galets, gravillons)",Présent au sol (abandonné) ou échoué,4349.995379,2020-02-11,40,280.0,20.595343334624072,102.95244277041569,287.65,0.0,0.0,0.0,0.0,0,0,0,O,Hiver
17,Marseille,13008,5.34295543,43.2148581,Anse de la maronnaise,Littoral (terrestre),"Plage (sable, galets, gravillons)",Echoué,68.8541767,2020-02-19,163,300.0,31.414943571431813,108.22823122832462,286.95,0.0,0.0,2.1999999999999997,2.3,3,0,0,ONO,Hiver
18,Marseille,13007,5.362169856,43.27312217,Plage du prophète,Littoral (terrestre),"Plage (sable, galets, gravillons)",Présent au sol (abandonné) ou échoué,1663.725814,2020-03-03,1150,280.0,34.39988095389173,38.05768510634414,284.25,0.0,-0.1,18.7,97.39999999999999,0,0,0,O,Printemps
19,Marseille,13008,5.341404171,43.21475635,Littoral anse de la Maronaise,Littoral (terrestre),"Plage (sable, galets, gravillons)",Présent au sol (abandonné) ou échoué,3784.287262,2020-10-17,979,260.0,52.31262380458898,152.05305148341552,289.35,0.0,0.0,0.0,11.499999999999998,288,2900,11,OSO,Automne
20,Marseille,13008,5.343244772,43.21405484,Collines au niveau de l'anse de la Maronnaise,Littoral (terrestre),"Espace naturel en arrière plage/côte (calanques, colline …)",Présent au sol (abandonné),28891.56303,2020-10-17,2185,260.0,52.31262380458898,152.05305148341552,289.35,0.0,0.0,0.0,11.499999999999998,227,3000,48,OSO,Automne
21,Marseille,13004,5.402870476,43.29699196,"Collège, cours et jardin",Zone urbaine,"Parc urbain, Jardin public",Présent au sol (abandonné),1997.588012,2020-03-12,30,170.0,26.607347820425797,36.70517108804187,290.85,0.0,0.0,3.8,64.1,289,19,0,SSE,Printemps
22,Marseille,13000,5.323810594,43.36295819,Cour du collège,Zone urbaine,"Parc urbain, Jardin public",Présent au sol (abandonné),1337.745573,2020-03-09,400,320.0,44.53710767032207,20.926516446254077,287.35,0.0,-0.1,4.0,63.9,100,65,0,NO,Printemps
23,Marseille,13007,5.299446921,43.26963011,Plage de Pomègues,Littoral (terrestre),"Plage (sable, galets, gravillons)",Echoué,331.4674018,2019-04-22,101.5,80.0,20.70884590338423,117.82653900175212,299.55,0.0,0.0,0.1,47.00000000000001,1178,441,80,ENE,Printemps
24,Marseille,13007,5.299477624,43.26978869,Plage de Pomègues,Littoral (terrestre),"Plage (sable, galets, gravillons)",Présent au sol (abandonné) ou échoué,264.5832627,2020-07-10,14.95,290.0,32.644203866241455,175.54794742956136,303.95,0.0,0.0,0.0,-0.1,187,18,36,O,Eté
25,Marseille,13007,5.319198649,43.28500835,"plage de l'Eoube (ile de Ratonneau, archipel du Frioul)",Littoral (terrestre),"Plage (sable, galets, gravillons)",Echoué,83.7176235,2020-07-08,53,160.0,30.986671734186373,166.95454263355006,302.15,0.0,0.0,0.0,-0.1,42,0,0,SSE,Eté
26,Marseille,13008,5.34322483,43.21360757,Littoral maritime port des Goudes - Callelongue,Mer-Océan,Mer-Océan,Flottant,104497.2119,2020-10-17,100,260.0,52.31262380458898,152.05305148341552,289.35,0.0,0.0,0.0,11.499999999999998,20,0,1,OSO,Automne
27,Marseille,13008,5.367402891,43.24528262,Port Pointe rouge,Littoral (terrestre),Digue et ouvrage,Présent au sol (abandonné),5110.134205,2020-09-06,7350,300.0,45.45207712772066,212.76746511660298,301.75,0.0,0.0,0.0,3.0999999999999996,0,0,0,ONO,Automne
29,Marseille,13000,5.290815894,43.35799696,Corbieres,Littoral (terrestre),Digue et ouvrage,Présent au sol (abandonné),23486.1089,2020-10-17,9800,260.0,52.31262380458898,152.05305148341552,289.35,0.0,0.0,0.0,11.499999999999998,5549,0,0,OSO,Automne
31,Marseille,13008,5.349315633,43.228857,Calanques de Samena et du Mauvais Pas,Littoral (terrestre),"Plage (sable, galets, gravillons)",Présent au sol (abandonné),57820.90269,2020-10-17,1680,260.0,52.31262380458898,152.05305148341552,289.35,0.0,0.0,0.0,11.499999999999998,1511,99,19,OSO,Automne
32,Marseille,13009,5.498142513,43.23553523,Route Gaston Rebuffat - En Vau - Foret domaniale de la Gardiole,Zone naturelle ou rurale (hors littoral et montagne),Forêt,Présent au sol (abandonné),464194.7958,2020-10-17,6000,260.0,52.31262380458898,152.05305148341552,289.35,0.0,0.0,0.0,11.499999999999998,44,40,7,OSO,Automne
33,Marseille,13007,5.299472678,43.26980723,Plage de Pomègues,Littoral (terrestre),"Plage (sable, galets, gravillons)",Présent au sol (abandonné),274.6529493,2020-09-17,23.2,180.0,24.596674948030095,196.60612034834685,301.95,0.0,0.0,0.30000000000000004,8.2,325,360,26,S,Automne
34,Marseille,13015,5.363098832,43.35238765,Cité des arts de la rue,Cours d'eau,Berge naturelle (hors plage),Présent au sol (abandonné),4874.573017,2020-10-17,4800,260.0,52.31262380458898,152.05305148341552,289.35,0.0,0.0,0.0,11.499999999999998,0,0,0,OSO,Automne
35,Marseille,13008,5.365375983,43.21004167,de callelongue à la calanques des queyrons en suivant le GR,Littoral (terrestre),Sentier et chemin,Présent au sol (abandonné),485005.5354,2020-10-17,800,260.0,52.31262380458898,152.05305148341552,289.35,0.0,0.0,0.0,11.499999999999998,65,0,0,OSO,Automne
36,Marseille,13008,5.353125339,43.2122571,Calanque de Callelongue,Littoral (terrestre),Port,Présent au sol (abandonné),147290.3135,2020-10-17,15000,260.0,52.31262380458898,152.05305148341552,289.35,0.0,0.0,0.0,11.499999999999998,0,0,0,OSO,Automne
37,Marseille,13008,5.372526921,43.20931439,Calanque de Marseilleveyre,Littoral (terrestre),Rocher et crique,Présent au sol (abandonné) ou échoué,33743.76241,2020-10-17,900,260.0,52.31262380458898,152.05305148341552,289.35,0.0,0.0,0.0,11.499999999999998,0,0,0,OSO,Automne
38,Marseille,13008,5.366626788,43.24295354,Darse sud port Pointe Rouge,Littoral (terrestre),Port,Flottant,3317.321183,2020-10-17,1500,260.0,52.31262380458898,152.05305148341552,289.35,0.0,0.0,0.0,11.499999999999998,200,0,0,OSO,Automne
40,Marseille,13008,5.35027007,43.2257693,La Madrague - La Maronaise - Calanque de Saména,Littoral (terrestre),Multi-lieux,Présent au sol (abandonné),163569.9828,2020-09-19,5750,160.0,42.064157871290874,190.65558476566778,304.45,0.0,-0.1,-0.1,8.1,376,15000,0,SSE,Automne
41,Marseille,13008,5.346667069,43.22356237,Calanques de l'Escalette & Blanche,Littoral (terrestre),"Plage (sable, galets, gravillons)",Présent au sol (abandonné),73718.43037,2020-10-17,6500,260.0,52.31262380458898,152.05305148341552,289.35,0.0,0.0,0.0,11.499999999999998,978,23600,0,OSO,Automne
42,Marseille,13009,5.437436192,43.22826673,Campus de Luminy,Zone naturelle ou rurale (hors littoral et montagne),Sentier et chemin,Présent au sol (abandonné),422713.239,2020-10-10,6700,330.0,22.597388624452158,150.49908431462973,294.15,0.0,0.0,6.299999999999998,11.399999999999999,405,0,0,NO,Automne
43,Marseille,13008,5.350501607,43.22925298,"Spots calanque de Samena, Mauvais Pas et Mont Rose",Littoral (terrestre),Rocher et crique,Présent au sol (abandonné),170401.6568,2020-10-17,1680,260.0,52.31262380458898,152.05305148341552,289.35,0.0,0.0,0.0,11.499999999999998,831,11,19,OSO,Automne
45,Marseille,13008,5.362418029,43.23992929,Plage du Bain des Dames,Littoral (terrestre),"Plage (sable, galets, gravillons)",Présent au sol (abandonné),295.7176733,2020-09-19,1,160.0,42.064157871290874,190.65558476566778,304.45,0.0,-0.1,-0.1,8.1,0,0,0,SSE,Automne
46,Marseille,13008,5.359922616,43.23600415,Plage de la bonne brise,Littoral (terrestre),"Plage (sable, galets, gravillons)",Présent au sol (abandonné),765.225053,2020-09-30,2,290.0,46.957604225795556,181.58109321800754,294.15,0.0,0.0,0.9,79.69999999999999,0,0,0,O,Automne
47,Marseille,13009,5.450984233,43.20250137,Calanque de la triperie,Mer-Océan,Mer-Océan,Flottant,27732.9157,2020-10-17,0.5,260.0,52.31262380458898,152.05305148341552,289.35,0.0,0.0,0.0,11.499999999999998,0,0,0,OSO,Automne
48,Marseille,13009,5.439507762,43.2229985,Luminy,Zone naturelle ou rurale (hors littoral et montagne),Sentier et chemin,Présent au sol (abandonné),349597.5311,2020-10-17,995,260.0,52.31262380458898,152.05305148341552,289.35,0.0,0.0,0.0,11.499999999999998,116,52,5,OSO,Automne
51,Marseille,13007,5.299471128,43.2697367,Plage de Pomègues,Littoral (terrestre),"Plage (sable, galets, gravillons)",Echoué,280.4234432,2021-01-11,22.75,320.0,30.91123847385407,257.6483795902458,278.35,0.0,0.2,3.5,25.8,223,17,8,NO,Hiver
52,Marseille,13006,5.370457837,43.28447952,ND de la Garde,Zone urbaine,"Parc urbain, Jardin public",Présent au sol (abandonné),4694.748812,2021-02-13,2805,10.0,15.57832760215135,152.63095149336363,280.55,0.0,1.2,24.200000000000003,24.6,650,10000,130,N,Hiver
53,Marseille,13008,5.384568124,43.2632498,"PArc Borely, derrière l'école de danse",Zone urbaine,"Parc urbain, Jardin public",Présent au sol (abandonné),8978.83251,2021-03-05,35.5,260.0,21.626199711780956,187.02167951157998,287.95,0.0,-0.1,-0.1,0.9,11,0,3,OSO,Printemps
55,Marseille,13002,5.362429215,43.29567203,Digue du Mucem,Littoral (terrestre),Port,Présent au sol (abandonné),61480.76434,2021-03-21,20200,300.0,67.67763294494249,216.70636207793103,284.95,0.0,0.0,1.4,1.2000000000000002,3529,5000,0,ONO,Printemps
56,Marseille,13008,5.362410385,43.23990131,Plage du Bain des Dames,Littoral (terrestre),"Plage (sable, galets, gravillons)",Présent au sol (abandonné) ou échoué,442.5410801,2021-03-10,100,250.0,21.861318948378223,184.26490564453903,287.15,0.0,0.0,-0.1,1.0,0,0,0,OSO,Printemps
57,Marseille,13008,5.341612881,43.21473893,Littoral anse de la Maronaise,Littoral (terrestre),"Plage (sable, galets, gravillons)",Présent au sol (abandonné) ou échoué,7760.394889,2021-06-05,360,260.0,29.587432043473008,204.68819926469698,300.35,0.0,0.2,5.3,8.9,53,3000,12,OSO,Eté
58,Marseille,13008,5.342645079,43.21417544,Colline anse de la Maronaise,Littoral (terrestre),Rocher et crique,Présent au sol (abandonné),24382.06349,2021-06-05,1845,260.0,29.587432043473008,204.68819926469698,300.35,0.0,0.2,5.3,8.9,383,8000,89,OSO,Eté
60,Marseille,13015,5.363001145,43.3521147,"Ruisseau des Aygalades, Cité des Arts de la Rue/Savonnerie du Midi",Cours d'eau,Berge naturelle (hors plage),Présent au sol (abandonné),23365.3105,2021-06-04,9290,280.0,31.808946745977547,193.94433757728385,299.95,0.0,0.2,5.0,8.700000000000001,360,0,4,O,Eté
61,Marseille,13008,5.371745639,43.26117189,plage du Prado,Littoral (terrestre),"Plage (sable, galets, gravillons)",Présent au sol (abandonné) ou échoué,27263.20451,2021-05-23,191,290.0,35.23719186652797,122.29911027763389,294.55,0.0,0.0,6.6,137.1,74,2000,20,O,Printemps
62,Marseille,13001,5.382299648,43.29811792,La Canebière,Zone urbaine,"Route, rue, place",Présent au sol (abandonné),12419.60222,2021-05-16,80,270.0,21.303513443949537,97.76931491143363,292.35,0.0,2.4,25.3,130.4,5,6800,0,O,Printemps
63,Marseille,13009,5.498016647,43.20239978,Calanque d'En-Vau,Littoral (terrestre),"Plage (sable, galets, gravillons)",Présent au sol (abandonné) ou échoué,2207.80384,2021-07-18,100,260.0,49.27354153425756,183.2448156409284,305.55,0.0,0.0,-0.1,18.5,30,0,1,OSO,Eté
64,Marseille,13009,5.421116652,43.21054847,Calanque de Sormiou,Littoral (terrestre),"Plage (sable, galets, gravillons)",Présent au sol (abandonné) ou échoué,79709.92568,2021-07-28,980,270.0,29.86781639404168,203.56238428729756,301.05,0.0,0.4,0.30000000000000004,11.6,231,0,24,O,Eté
65,Marseille,13009,5.437717221,43.2304645,Luminy,Zone naturelle ou rurale (hors littoral et montagne),Sentier et chemin,Présent au sol (abandonné),13528.3011,2021-05-15,4000,200.0,21.574348842946243,99.14505662474207,291.25,0.0,0.6,22.900000000000002,128.0,0,0,0,SSO,Printemps
67,Marseille,13007,5.315779964,43.28421501,Plage de Saint-Estève,Littoral (terrestre),"Plage (sable, galets, gravillons)",Présent au sol (abandonné) ou échoué,967.8409548,2021-05-05,8,270.0,24.28310166112757,89.59545866817223,294.35,0.0,0.6,27.400000000000006,112.4,0,0,0,O,Printemps
68,Marseille,13001,5.383066367,43.29635509,lycee thiers,Zone urbaine,"Route, rue, place",Présent au sol (abandonné),44365.74265,2021-05-06,6.5,10.0,23.33353558833002,91.38579651877322,293.95,0.0,0.0,27.400000000000006,112.4,13,100,0,N,Printemps
69,Marseille,13008,5.372644168,43.2093191,Calanque de MARSEILLEVEYRE,Littoral (terrestre),Rocher et crique,Présent au sol (abandonné) ou échoué,27734.50758,2021-06-05,1000,260.0,29.587432043473008,204.68819926469698,300.35,0.0,0.2,5.3,8.9,4,0,0,OSO,Eté
71,Marseille,13008,5.372560233,43.26010384,Digues de la plage du Prado,Littoral (terrestre),Digue et ouvrage,Présent au sol (abandonné) ou échoué,16370.63113,2021-05-16,210,270.0,21.303513443949537,97.76931491143363,292.35,0.0,2.4,25.3,130.4,183,116,7,O,Printemps
72,Marseille,13008,5.372761971,43.25516906,Escale Borely,Mer-Océan,Mer-Océan,Flottant,19272.03246,2021-05-21,50,150.0,37.15255655262376,119.05156250462072,293.95,0.0,0.0,6.2,133.7,18,1,3,SE,Printemps
73,Marseille,13001,5.383044621,43.29618684,Lycee Thiers,Zone urbaine,"Route, rue, place",Présent au sol (abandonné),30966.29313,2021-05-27,4,250.0,27.37598250558264,146.61247260383178,298.95,0.0,0.0,7.199999999999999,63.900000000000006,6,200,0,OSO,Printemps
74,Marseille,13008,5.342993575,43.21493166,Plage de la Maronaise,Littoral (terrestre),"Plage (sable, galets, gravillons)",Echoué,657.1996498,2021-05-19,40,310.0,51.708343260297994,118.97183553739305,293.45,0.0,1.2,6.4,133.7,8,0,0,ONO,Printemps
75,Marseille,13008,5.372455054,43.25851151,plages du Prado/Huveaune,Mer-Océan,Mer-Océan,Flottant,125367.1607,2021-05-23,10.25,290.0,35.23719186652797,122.29911027763389,294.55,0.0,0.0,6.6,137.1,0,0,0,O,Printemps
76,Marseille,13007,5.362414784,43.29382884,Quai Marcel Pagnol,Littoral (terrestre),Port,Présent au sol (abandonné) ou échoué,1753.505766,2021-06-05,2150,260.0,29.587432043473008,204.68819926469698,300.35,0.0,0.2,5.3,8.9,578,0,0,OSO,Eté
77,Marseille,13007,5.369650375,43.26675584,Base nautique du Roucas blanc,Littoral (terrestre),Digue et ouvrage,Présent au sol (abandonné) ou échoué,78971.10352,2021-06-05,800,260.0,29.587432043473008,204.68819926469698,300.35,0.0,0.2,5.3,8.9,145,130,40,OSO,Eté
78,Marseille,13008,5.37410013,43.25412236,"Plage Borély, Bonneveine, Vieille-chapelle",Littoral (terrestre),"Plage (sable, galets, gravillons)",Présent au sol (abandonné) ou échoué,31714.71277,2021-05-23,820,290.0,35.23719186652797,122.29911027763389,294.55,0.0,0.0,6.6,137.1,57,0,20,O,Printemps
79,Marseille,13009,5.457551649,43.23999632,Col de la gineste,Montagne,Sentier et chemin,Présent au sol (abandonné),102510.0391,2021-06-05,1300,260.0,29.587432043473008,204.68819926469698,300.35,0.0,0.2,5.3,8.9,678,0,85,OSO,Eté
80,Marseille,13007,5.299461282,43.26978101,Plage de Pomègues,Littoral (terrestre),"Plage (sable, galets, gravillons)",Echoué,240.4961651,2021-04-22,18.4,250.0,20.644701442514286,129.2470507681949,292.45,0.0,0.0,10.899999999999999,64.0,207,36,4,OSO,Printemps
81,Marseille,13008,5.366748307,43.24334939,Partie Est du plan d'eau,Littoral (terrestre),Port,Flottant,14127.43645,2021-06-05,15,260.0,29.587432043473008,204.68819926469698,300.35,0.0,0.2,5.3,8.9,2,0,0,OSO,Eté
82,Marseille,13008,5.361915212,43.24045531,Plage du Bain des dames et de la batterie,Littoral (terrestre),"Plage (sable, galets, gravillons)",Présent au sol (abandonné) ou échoué,30755.43566,2021-06-05,400,260.0,29.587432043473008,204.68819926469698,300.35,0.0,0.2,5.3,8.9,318,2971,23,OSO,Eté
83,Marseille,13008,5.346053161,43.22316585,Escalette,Littoral (terrestre),Rocher et crique,Présent au sol (abandonné) ou échoué,35602.9901,2021-06-05,6000,260.0,29.587432043473008,204.68819926469698,300.35,0.0,0.2,5.3,8.9,390,5000,58,OSO,Eté
84,Marseille,13008,5.35339896,43.21217295,Callanque de Callelongue- Marseilleveyre,Littoral (terrestre),Rocher et crique,Présent au sol (abandonné),78558.51221,2021-06-05,2640,260.0,29.587432043473008,204.68819926469698,300.35,0.0,0.2,5.3,8.9,270,0,75,OSO,Eté
85,Marseille,13015,5.361913044,43.34757735,Entrée Centre de transfert des déchets et Jardinot,Cours d'eau,Lit du cours d'eau,Flottant,1216.861939,2021-06-04,10000,280.0,31.808946745977547,193.94433757728385,299.95,0.0,0.2,5.0,8.700000000000001,377,0,0,O,Eté
86,Marseille,13008,5.352451155,43.21135524,Calanque de Callelongue,Mer-Océan,Mer-Océan,Flottant,15546.83568,2021-06-05,200,260.0,29.587432043473008,204.68819926469698,300.35,0.0,0.2,5.3,8.9,0,0,0,OSO,Eté
87,Marseille,13007,5.299478986,43.26974629,Plage de Pomègues,Littoral (terrestre),"Plage (sable, galets, gravillons)",Echoué,223.9930067,2021-06-27,29.6,170.0,29.424933944719797,191.36836076725237,301.85,0.0,0.0,0.2,5.4,84,10,2,SSE,Eté
88,Marseille,13008,5.342714335,43.21514371,Plage de la Maronaise,Littoral (terrestre),"Plage (sable, galets, gravillons)",Présent au sol (abandonné),1930.12557,2021-06-16,36,,,,,,,,,0,50,0,,Eté
89,Marseille,13011,5.433037467,43.28558761,Residence Saint Loup,Cours d'eau,Berge naturelle (hors plage),Présent au sol (abandonné) ou échoué,10231.94463,2021-06-03,1800,200.0,26.449993848845562,184.75479035897663,299.55,0.0,0.6,4.8,8.5,52,0,0,SSO,Eté
90,Marseille,13009,5.407789672,43.27441669,Dromel,Cours d'eau,Berge naturelle (hors plage),Présent au sol (abandonné) ou échoué,4399.579278,2021-06-10,1576,250.0,32.98820221769591,199.20729727955157,304.35,0.0,0.0,0.4,8.9,57,0,0,OSO,Eté
91,Marseille,13007,5.306734635,43.2783289,Port du Frioul,Littoral (terrestre),Port,Flottant,132577.826,2021-06-27,50,170.0,29.424933944719797,191.36836076725237,301.85,0.0,0.0,0.2,5.4,9,0,0,SSE,Eté
92,Marseille,13009,5.454939294,43.21182027,Calanque de Sugiton,Littoral (terrestre),Rocher et crique,Présent au sol (abandonné) ou échoué,8355.322607,2021-07-08,125,300.0,27.662003351295475,182.96216579942788,300.35,0.0,0.0,10.200000000000001,25.0,13,0,12,ONO,Eté
93,Marseille,13011,5.461818628,43.29053096,Emmaüs Saint Marcel,Cours d'eau,Berge naturelle (hors plage),Présent au sol (abandonné) ou échoué,2134.445777,2021-06-17,550,180.0,28.291591689570463,182.68823761975565,303.65,0.0,0.0,0.0,5.1000000000000005,33,0,0,S,Eté
94,Marseille,13008,5.368689566,43.26468295,Digue du Petit Roucas,Littoral (terrestre),"Plage (sable, galets, gravillons)",Présent au sol (abandonné),73624.42362,2021-06-27,11250,170.0,29.424933944719797,191.36836076725237,301.85,0.0,0.0,0.2,5.4,292,25000,0,SSE,Eté
95,Marseille,13007,5.349542868,43.28029023,Anse de Maldormé,Littoral (terrestre),Rocher et crique,Présent au sol (abandonné) ou échoué,692.4355852,2021-07-13,30,310.0,22.760364465330056,179.40100429426317,298.05,0.0,0.0,-0.1,24.099999999999998,0,0,0,ONO,Eté
96,Marseille,13011,5.49448498,43.28579027,Domaine Vallée Verte,Cours d'eau,Berge naturelle (hors plage),Présent au sol (abandonné) ou échoué,2888.140084,2021-06-24,1600,240.0,35.10836110179253,176.12200924557254,299.15,0.0,0.0,0.1,5.3,87,0,0,SO,Eté
97,Marseille,13007,5.302130864,43.27579832,Iles du Frioul,Littoral (terrestre),Rocher et crique,Présent au sol (abandonné) ou échoué,1754842.562,2021-06-27,491,170.0,29.424933944719797,191.36836076725237,301.85,0.0,0.0,0.2,5.4,71,0,15,SSE,Eté
98,Marseille,13008,5.372509128,43.25515748,Escale Borely,Mer-Océan,Mer-Océan,Flottant,31990.053,2021-07-07,75,270.0,26.261598523019934,175.00204877228913,300.65,0.0,0.0,10.200000000000001,36.6,44,0,1,O,Eté
99,Marseille,13009,5.4225541,43.20985341,Calanque de sormiou,Mer-Océan,Mer-Océan,Flottant,56442.40352,2021-07-28,220,270.0,29.86781639404168,203.56238428729756,301.05,0.0,0.4,0.30000000000000004,11.6,28,0,2,O,Eté
100,Marseille,13009,5.444396849,43.21235442,Calanque de Morgiou,Mer-Océan,Mer-Océan,Flottant,3590.297806,2021-08-06,200,290.0,33.00377290617922,63.006391576562805,302.65,0.0,0.0,10.3,153.3,14,0,1,O,Eté
101,Marseille,13009,5.424699757,43.20889751,calanque de Sormiou,Mer-Océan,Mer-Océan,Flottant,179399.0683,2021-09-05,50,260.0,7.740735849278503,125.19536465854206,302.05,0.0,0.0,15.4,57.0,21,0,0,OSO,Automne
102,Marseille,13009,5.500728625,43.20118748,Calanque d'En-Vau,Mer-Océan,Mer-Océan,Flottant,19376.19165,2021-08-15,75,260.0,35.35069611338985,57.32439536045965,306.15,0.0,0.0,0.0,133.10000000000002,1,0,1,OSO,Eté
103,Marseille,13008,5.348415032,43.22980858,Calanque de Saména - Mont Rose,Mer-Océan,Mer-Océan,Flottant,6785.464712,2021-07-21,1.5,260.0,41.74838656626599,193.8117634317614,304.85,0.0,0.0,0.0,15.100000000000001,2,0,0,OSO,Eté
104,Marseille,13008,5.37308014,43.25645073,Escale Borely,Mer-Océan,Mer-Océan,Flottant,106813.2755,2021-09-18,140,260.0,26.41683963151251,87.18948409727346,299.15,0.0,0.0,19.599999999999998,43.2,20,22,6,OSO,Automne
105,Marseille,13008,5.339928961,43.21344551,cap Croisette,Mer-Océan,Mer-Océan,Flottant,13874.68333,2021-08-29,110,250.0,41.34550948418925,112.02322761652705,299.65,0.0,0.0,1.1,13.4,13,0,0,OSO,Eté
106,Marseille,13008,5.340381934,43.21557824,anse de la Maronaise,Mer-Océan,Mer-Océan,Flottant,73758.36538,2021-09-11,110,260.0,25.588177533735166,106.86686180647173,300.85,0.0,0.8,2.8,50.6,32,2,1,OSO,Automne
107,Marseille,13007,5.35001496,43.28541783,Vallon des Auffes,Mer-Océan,Mer-Océan,Flottant,6741.183837,2021-09-25,270,120.0,32.17146042758805,82.36489608958362,302.65,0.0,0.0,2.0,39.800000000000004,95,22,9,ESE,Automne
108,Marseille,13008,5.374200122,43.25006913,Plages de la Vieille Chapelle,Littoral (terrestre),"Plage (sable, galets, gravillons)",Présent au sol (abandonné) ou échoué,51945.1714,2021-07-11,5700,270.0,26.210625836851538,195.6879950255813,302.15,0.0,0.0,10.200000000000001,25.0,1057,19500,0,O,Eté
109,Marseille,13821,5.504985753,43.28509285,Berges ARKEMA,Cours d'eau,Berge naturelle (hors plage),Présent au sol (abandonné) ou échoué,4023.152822,2021-06-28,900,200.0,32.97612457197699,188.10574486193215,301.75,0.0,0.0,0.0,5.4,158,0,0,SSO,Eté
110,Marseille,13007,5.299475322,43.26980588,Plage de Pomègues,Littoral (terrestre),"Plage (sable, galets, gravillons)",Présent au sol (abandonné) ou échoué,393.3828385,2018-09-27,21.9,260.0,38.66112369386694,193.56374289621056,296.05,0.0,0.0,0.0,-0.2,270,113,11,OSO,Automne
111,Marseille,13007,5.29947707,43.26976925,Plage de Pomègues,Littoral (terrestre),"Plage (sable, galets, gravillons)",Présent au sol (abandonné) ou échoué,454.1307576,2018-06-18,27.9,310.0,33.78789962477761,88.01198704391666,302.45,0.0,0.0,3.2,22.4,625,301,17,ONO,Eté
112,Marseille,13009,5.455178735,43.21173707,Calanque de Sugiton,Littoral (terrestre),Rocher et crique,Présent au sol (abandonné) ou échoué,9139.919443,2021-07-19,750,190.0,41.910496814138426,179.33357904960448,305.35,0.0,0.0,0.0,18.5,7,86,3,S,Eté
113,Marseille,13011,5.438346205,43.28602161,Résidence Plein Ciel,Cours d'eau,Berge naturelle (hors plage),Présent au sol (abandonné) ou échoué,4945.261481,2021-06-03,2640,200.0,26.449993848845562,184.75479035897663,299.55,0.0,0.6,4.8,8.5,43,0,0,SSO,Eté
114,Marseille,13007,5.299462246,43.26979855,Plage de Pomègues,Littoral (terrestre),"Plage (sable, galets, gravillons)",Echoué,261.8356042,2018-04-27,317.2,250.0,26.306047369034413,107.00144640365217,295.25,0.0,0.0,0.0,69.39999999999999,1384,1169,59,OSO,Printemps
115,Marseille,13009,5.434865161,43.23672401,Rue Henri Cochet et Avenue de Luminy,Zone naturelle ou rurale (hors littoral et montagne),Sentier et chemin,Présent au sol (abandonné),45052.37824,2021-07-21,950,260.0,41.74838656626599,193.8117634317614,304.85,0.0,0.0,0.0,15.100000000000001,94,1190,39,OSO,Eté
119,Marseille,13007,5.347602158,43.28193845,Malmousque,Littoral (terrestre),Rocher et crique,Présent au sol (abandonné),25941.30453,2021-06-05,20,260.0,29.587432043473008,204.68819926469698,300.35,0.0,0.2,5.3,8.9,0,0,0,OSO,Eté
120,Marseille,13009,5.436977847,43.23112206,Parking de l'université de Luminy,Zone naturelle ou rurale (hors littoral et montagne),Parking,Présent au sol (abandonné),22162.24461,2021-07-27,1918,180.0,34.22487507800045,197.5396356718804,301.25,0.0,0.0,-0.1,11.2,164,1165,34,S,Eté
125,Marseille,13000,5.294338691,43.35838193,Estaque -Marseille,Littoral (terrestre),Digue et ouvrage,Présent au sol (abandonné) ou échoué,36033.41417,2021-08-22,3750,240.0,34.47876204026325,101.45624691855426,303.05,0.0,0.0,2.2,13.0,2157,8512,104,SO,Eté
126,Marseille,13009,5.444205082,43.21245799,Calanque de Morgiou,Littoral (terrestre),Port,Présent au sol (abandonné) ou échoué,28075.68083,2021-08-05,540,280.0,32.08352120753608,61.47990281177901,299.55,0.0,0.4,10.5,153.5,36,0,24,O,Eté
127,Marseille,13007,5.362208778,43.29385067,Quai Marcel Pagnol,Littoral (terrestre),Port,Présent au sol (abandonné) ou échoué,813.5535111,2021-08-14,1200,210.0,28.342676747575723,54.62875307816363,308.35,0.0,0.0,0.2,133.10000000000002,0,0,0,SSO,Eté
128,Marseille,13007,5.349989115,43.28539567,Vallon des Auffes,Mer-Océan,Mer-Océan,Flottant,6023.914792,2021-08-22,440,240.0,34.47876204026325,101.45624691855426,303.05,0.0,0.0,2.2,13.0,48,0,4,SO,Eté
129,Marseille,13000,5.291286616,43.35811044,Plage de corbières,Littoral (terrestre),"Plage (sable, galets, gravillons)",Présent au sol (abandonné) ou échoué,126570.3256,2021-09-13,6000,200.0,28.888087292836087,102.55140081004355,301.25,0.0,0.2,3.0,50.800000000000004,1700,1000,0,SSO,Automne
130,Marseille,13007,5.352691221,43.28009529,Anse de la fausse monnaie,Littoral (terrestre),Rocher et crique,Présent au sol (abandonné) ou échoué,4163.882117,2021-10-02,81.5,180.0,10.591185684984358,164.6535176078762,297.55,0.0,0.0,6.7,43.89999999999999,25,380,6,S,Automne
131,Marseille,13007,5.299475433,43.2697844,Plage de Pomègues,Littoral (terrestre),"Plage (sable, galets, gravillons)",Présent au sol (abandonné) ou échoué,268.580368,2018-01-05,100,,,,,,,,,209,30,0,,Hiver
132,Marseille,13007,5.299469803,43.26979619,Plage de Pomègues,Littoral (terrestre),"Plage (sable, galets, gravillons)",Présent au sol (abandonné) ou échoué,416.075846,2017-10-05,20,240.0,24.585848917281904,161.90186150878102,297.65,0.0,0.0,2.0,2.1,135,44,1,SO,Automne
133,Marseille,13007,5.299471319,43.26978009,Plage de Pomègues,Littoral (terrestre),"Plage (sable, galets, gravillons)",Présent au sol (abandonné) ou échoué,411.325434,2017-07-06,10,,,,,,,,,117,43,3,,Eté
134,Marseille,13007,5.299465881,43.26979162,Plage de Pomègues,Littoral (terrestre),"Plage (sable, galets, gravillons)",Présent au sol (abandonné) ou échoué,276.7056324,2017-04-13,30,,,,,,,,,673,275,15,,Printemps
135,Marseille,13007,5.299460419,43.26979545,Plage de Pomègues,Littoral (terrestre),"Plage (sable, galets, gravillons)",Présent au sol (abandonné) ou échoué,300.192692,2017-01-10,100,,,,,,,,,1715,106,35,,Hiver
136,Marseille,13007,5.299473078,43.26977178,Plage de Pomègues,Littoral (terrestre),"Plage (sable, galets, gravillons)",Présent au sol (abandonné) ou échoué,876.6582464,2021-09-23,17.4,300.0,39.55555413303412,93.27514663433583,299.05,0.0,0.2,10.5,39.6,122,117,16,ONO,Automne
137,Marseille,13011,5.485516547,43.28714284,La Valentine,Cours d'eau,Berge naturelle (hors plage),Enfoui,32979.93995,2021-10-02,14000,180.0,10.591185684984358,164.6535176078762,297.55,0.0,0.0,6.7,43.89999999999999,835,0,0,S,Automne
138,Marseille,13008,5.373788284,43.25887077,plage prado ecale borely,Littoral (terrestre),"Plage (sable, galets, gravillons)",Présent au sol (abandonné),198683.1364,2021-10-06,200,320.0,17.125408826433265,176.7447408779686,292.15,0.0,0.4,41.3,74.7,7,0,1000,NO,Automne
139,Marseille,13007,5.354212291,43.29026604,Musée subaquatique de Marseille - Catalans,Mer-Océan,Mer-Océan,Flottant,21025.90261,2021-10-09,372.5,290.0,21.08985093729789,187.75362847922088,294.35,0.0,0.0,41.3,66.69999999999999,237,12,17,O,Automne
140,Marseille,13008,5.372668138,43.25501613,Escale Borely,Mer-Océan,Mer-Océan,Flottant,27372.27272,2021-10-10,214,270.0,28.492928489938926,182.8887745651762,292.35,0.0,0.0,41.3,66.69999999999999,49,1,10,O,Automne
141,Marseille,13008,5.342324335,43.2159566,anse de la Maronaise - les Goudes,Mer-Océan,Mer-Océan,Flottant,15358.35245,2021-10-15,900,260.0,32.608710127292476,193.09166050608576,293.55,0.0,0.0,0.5999999999999999,67.3,0,0,0,OSO,Automne
142,Marseille,13008,5.346731012,43.21328802,Callelongue & Cap Croisette,Littoral (terrestre),Rocher et crique,Présent au sol (abandonné) ou échoué,201163.4822,2021-10-10,7950,270.0,28.492928489938926,182.8887745651762,292.35,0.0,0.0,41.3,66.69999999999999,1965,1000,0,O,Automne
143,Marseille,13009,5.403546189,43.27129357,promenade Dromel,Zone urbaine,"Parc urbain, Jardin public",Présent au sol (abandonné),14664.99696,2021-10-25,50,250.0,19.78241609777997,170.45819253463958,293.25,0.0,0.0,6.200000000000001,50.0,22,2,0,OSO,Automne
144,Marseille,13008,5.373182187,43.25767285,plage de l'huveaune,Mer-Océan,Mer-Océan,Flottant,79018.85827,2021-10-17,1455,260.0,30.65582893590142,197.20735330808645,293.35,0.0,0.4,0.9999999999999999,67.8,156,0,110,OSO,Automne
146,Marseille,13008,5.346873082,43.21355161,Fort Napoléon,Littoral (terrestre),"Espace naturel en arrière plage/côte (calanques, colline …)",Présent au sol (abandonné),57503.82294,2021-10-21,1230,310.0,15.521959370128974,166.8620622685373,293.15,0.0,5.9,6.6000000000000005,74.3,129,1250,40,ONO,Automne
147,Marseille,13008,5.34377091,43.21415192,Colline Maronaise,Littoral (terrestre),"Espace naturel en arrière plage/côte (calanques, colline …)",Présent au sol (abandonné),29901.04923,2021-10-21,250,310.0,15.521959370128974,166.8620622685373,293.15,0.0,5.9,6.6000000000000005,74.3,42,308,6,ONO,Automne
148,Marseille,13008,5.343230684,43.2159414,Plage de la Maronaise / Digues / Goudes,Littoral (terrestre),Digue et ouvrage,Flottant,21026.59107,2021-10-21,175,310.0,15.521959370128974,166.8620622685373,293.15,0.0,5.9,6.6000000000000005,74.3,55,500,11,ONO,Automne
149,Marseille,13008,5.340740201,43.2140792,Maronnaise Est / Cap Croisette,Littoral (terrestre),Rocher et crique,Présent au sol (abandonné) ou échoué,22726.5071,2021-10-21,232,310.0,15.521959370128974,166.8620622685373,293.15,0.0,5.9,6.6000000000000005,74.3,50,250,7,ONO,Automne
150,Marseille,13008,5.340278002,43.21454373,Plage Croisette,Littoral (terrestre),"Plage (sable, galets, gravillons)",Flottant,2647.206372,2021-10-21,460,310.0,15.521959370128974,166.8620622685373,293.15,0.0,5.9,6.6000000000000005,74.3,13,0,10,ONO,Automne
151,Marseille,13008,5.368974193,43.25751551,plage de l'huveaune,Mer-Océan,Mer-Océan,Flottant,316710.3376,2021-10-24,3751,250.0,19.77864233063525,177.48954655718637,293.35,0.0,0.2,6.4,55.4,375,6,29,OSO,Automne
152,Marseille,13008,5.34056567,43.21591333,Les Goudes,Mer-Océan,Mer-Océan,Flottant,66647.89285,2021-11-06,857,320.0,50.04849294936568,225.5074877104153,288.35,0.0,0.0,17.0,17.8,0,0,0,NO,Automne
153,Marseille,13009,5.401618152,43.23072384,Quartier autour de l'école des Calanques et Vallon de la Jarre,Zone naturelle ou rurale (hors littoral et montagne),Champ - prairie - lande - garrigue - maquis,Présent au sol (abandonné),702381.1134,2021-09-24,0,290.0,40.63254768156276,89.78725548719304,299.45,0.0,0.2,2.0,39.800000000000004,0,0,0,O,Automne
154,Marseille,13009,5.431762825,43.23556668,Luminy,Zone naturelle ou rurale (hors littoral et montagne),Sentier et chemin,Présent au sol (abandonné),196344.0334,2021-09-18,0,260.0,26.41683963151251,87.18948409727346,299.15,0.0,0.0,19.599999999999998,43.2,0,0,0,OSO,Automne
155,Marseille,13008,5.367288023,43.24552858,Digue Est du Port de la Pointe Rouge,Littoral (terrestre),Digue et ouvrage,Présent au sol (abandonné) ou échoué,6687.671784,2022-01-08,3951,300.0,40.497256863419295,177.75489292412982,285.65,0.0,-0.1,0.6,5.0,1502,100,370,ONO,Hiver
156,Marseille,13006,5.370487624,43.28466095,Notre Dame de la Garde,Zone urbaine,"Parc urbain, Jardin public",Présent au sol (abandonné),5275.925127,2022-02-13,8542,130.0,31.82379519590756,127.3111190540564,286.25,0.0,0.0,0.0,9.9,2066,30000,340,SE,Hiver
157,Marseille,13008,5.372392682,43.25210912,Digue et plage de la vieille chapelle,Littoral (terrestre),Digue et ouvrage,Présent au sol (abandonné) ou échoué,18419.03984,2021-11-18,460,340.0,10.53495688770829,178.02832726276492,288.35,0.0,0.0,16.799999999999997,42.9,49,100,8,NNO,Automne
158,Marseille,13008,5.375237965,43.25636234,Plage Borely,Littoral (terrestre),"Plage (sable, galets, gravillons)",Présent au sol (abandonné) ou échoué,168.4432518,2021-11-25,30,300.0,5.601734281542097,169.88787168371312,284.35,63.0,24.4,30.299999999999997,73.2,2,0,1,ONO,Automne
159,Marseille,13008,5.342204648,43.21508282,Marseille - Anse de la maronaire,Littoral (terrestre),Rocher et crique,Enfoui,8226.704948,2021-06-05,979,260.0,29.587432043473008,204.68819926469698,300.35,0.0,0.2,5.3,8.9,0,0,0,OSO,Eté
160,Marseille,13007,5.355154305,43.29059708,Plage des catalans - Marseille,Littoral (terrestre),"Plage (sable, galets, gravillons)",Présent au sol (abandonné) ou échoué,10672.28726,2021-09-04,4325.5,260.0,7.362347425254658,126.63695308694108,299.55,0.0,15.1,15.4,57.0,1492,30000,132,OSO,Automne
161,Marseille,13007,5.346191252,43.28161962,Plateau de malmousque - Marseille,Littoral (terrestre),Digue et ouvrage,Présent au sol (abandonné) ou échoué,5671.458464,2021-09-05,1431,260.0,7.740735849278503,125.19536465854206,302.05,0.0,0.0,15.4,57.0,2339,20524,94,OSO,Automne
162,Marseille,13008,5.341847477,43.21486927,Calanques Goudes - Marseille,Littoral (terrestre),"Plage (sable, galets, gravillons)",Présent au sol (abandonné) ou échoué,12498.76639,2021-09-11,1605,260.0,25.588177533735166,106.86686180647173,300.85,0.0,0.8,2.8,50.6,1529,5521,154,OSO,Automne
163,Marseille,13008,5.374594831,43.2554341,Plage du prado - Marseille,Littoral (terrestre),"Plage (sable, galets, gravillons)",Présent au sol (abandonné) ou échoué,129971.6346,2021-10-06,520,320.0,17.125408826433265,176.7447408779686,292.15,0.0,0.4,41.3,74.7,0,200,0,NO,Automne
164,Marseille,13008,5.375239353,43.2580611,Epluchure beach,Littoral (terrestre),"Plage (sable, galets, gravillons)",Enfoui,7909.120244,2021-10-06,5000,320.0,17.125408826433265,176.7447408779686,292.15,0.0,0.4,41.3,74.7,0,0,0,NO,Automne
165,Marseille,13008,5.344716213,43.2164707,Port des Goudes,Littoral (terrestre),Digue et ouvrage,Présent au sol (abandonné) ou échoué,2881.060495,2021-08-20,1797,260.0,35.99001326054975,100.27811230085933,303.75,0.0,0.0,2.2,84.9,0,0,0,OSO,Eté
166,Marseille,13008,5.350748523,43.2296748,"Spots calanque de Samena, Mauvais Pas et Mont Rose",Littoral (terrestre),Rocher et crique,Présent au sol (abandonné),236355.2549,2019-05-25,630,240.0,28.172054876584678,82.15531944605121,294.85,0.0,0.0,5.1,10.4,340,0,0,SO,Printemps
167,Marseille,13008,5.371760931,43.25823901,plage du Prado/embouchure de l'Huveaune,Mer-Océan,Mer-Océan,Flottant,109905.635,2021-12-18,2175,270.0,21.380991796573266,193.45732442489992,282.25,0.0,0.0,0.0,24.3,49,0,3,O,Hiver
168,Marseille,13007,5.299486719,43.26979772,Plage de Pomègues,Littoral (terrestre),"Plage (sable, galets, gravillons)",Echoué,491.9193969,2022-01-12,18.25,240.0,54.99632641284415,197.69730639050687,281.25,0.0,0.0,0.0,4.9,176,29,18,SO,Hiver
169,Marseille,13008,5.344851266,43.2138226,Colline anse de la Maronaise,Littoral (terrestre),"Espace naturel en arrière plage/côte (calanques, colline …)",Présent au sol (abandonné) ou échoué,114485.6306,2022-06-04,290,270.0,17.050479512378317,75.22547045636057,304.15,0.0,0.0,2.3999999999999977,36.9,67,180,15,O,Eté
170,Marseille,13008,5.366069775,43.24536823,Port de la pointe rouge,Littoral (terrestre),Port,Présent au sol (abandonné) ou échoué,6435.27116,2022-01-22,450,330.0,24.916110270737413,204.63646728491887,281.95,0.0,0.0,-0.2,4.7,366,408,13,NO,Hiver
171,Marseille,13008,5.375238761,43.25647122,Plage Crabes,Littoral (terrestre),"Plage (sable, galets, gravillons)",Présent au sol (abandonné) ou échoué,5524.597049,2021-03-16,2.1,330.0,54.97948209434172,210.22438249306742,285.95,0.0,0.0,-0.1,-0.1999999999999999,9,2,2,NO,Printemps
172,Marseille,13007,5.352794436,43.28052763,Anse de la Fausse Monnaie,Littoral (terrestre),Port,Echoué,117.7933624,2021-03-16,0.08,330.0,54.97948209434172,210.22438249306742,285.95,0.0,0.0,-0.1,-0.1999999999999999,1,0,0,NO,Printemps
173,Marseille,13007,5.34854263,43.28230229,Anse de Malmousque,Littoral (terrestre),Port,Flottant,162.2870068,2021-03-19,1.36,360.0,70.46046715318226,219.33128069384935,280.25,61.0,0.6,0.6,0.4000000000000001,19,0,0,NNO,Printemps
174,Marseille,13007,5.350299753,43.28044437,Anse de Maldormé,Littoral (terrestre),Rocher et crique,Enfoui,391.9474058,2021-03-24,0.3,270.0,43.77763879222844,223.87989241119197,288.65,0.0,0.0,1.4,1.2000000000000002,7,17,1,O,Printemps
175,Marseille,13008,5.368225193,43.26331397,Digue plage Prado / David,Littoral (terrestre),Digue et ouvrage,Présent au sol (abandonné) ou échoué,1178.33852,2021-04-02,1.59,290.0,14.676901083511973,90.58558053823924,294.55,0.0,0.0,26.299999999999997,50.699999999999996,14,6,0,O,Printemps
176,Marseille,13007,5.35281662,43.28044828,Anse Fausse Monnaie,Littoral (terrestre),Port,Echoué,123.7881797,2021-04-06,0.16,310.0,48.073532028676006,101.09368091435539,284.05,10.0,0.0,3.0,53.5,2,3,0,ONO,Printemps
177,Marseille,13007,5.350306959,43.28044376,Anse Maldormé,Littoral (terrestre),"Plage (sable, galets, gravillons)",Présent au sol (abandonné) ou échoué,278.9533301,2021-04-06,0.4,310.0,48.073532028676006,101.09368091435539,284.05,10.0,0.0,3.0,53.5,10,26,0,ONO,Printemps
178,Marseille,13007,5.348553578,43.28231506,ANse de Malmousque,Littoral (terrestre),Port,Flottant,161.6690313,2021-04-06,0.25,310.0,48.073532028676006,101.09368091435539,284.05,10.0,0.0,3.0,53.5,2,1,1,ONO,Printemps
179,Marseille,13008,5.371063746,43.2447632,Plage Pointe Rouge,Littoral (terrestre),"Plage (sable, galets, gravillons)",Echoué,4168.265312,2021-04-07,2.1,320.0,52.346461437702295,103.2605355572863,283.55,0.0,0.0,3.0,53.5,66,50,3,NO,Printemps
180,Marseille,13007,5.35282814,43.28047688,Anse de la Fausse Monnaie,Littoral (terrestre),Port,Echoué,96.72374147,2021-04-08,0.28,250.0,52.811782076022766,107.55585982068008,288.55,0.0,0.0,3.0,51.7,2,0,0,OSO,Printemps
181,Marseille,13008,5.342871191,43.21484695,Plage de la Maronaise,Littoral (terrestre),"Plage (sable, galets, gravillons)",Présent au sol (abandonné) ou échoué,585.3438315,2021-04-08,2,250.0,52.811782076022766,107.55585982068008,288.55,0.0,0.0,3.0,51.7,86,19,2,OSO,Printemps
182,Marseille,13009,5.420089966,43.21003469,Plage Sormiou,Littoral (terrestre),"Plage (sable, galets, gravillons)",Présent au sol (abandonné) ou échoué,704.5345916,2021-04-12,9.6,330.0,36.49248147465341,123.95141696385882,285.45,0.0,7.2,23.799999999999997,74.5,44,4,0,NO,Printemps
183,Marseille,13008,5.374651658,43.25465015,Escale Borely,Littoral (terrestre),"Plage (sable, galets, gravillons)",Présent au sol (abandonné) ou échoué,44638.2327,2022-02-06,1940,310.0,61.914108328711656,111.37714419746244,285.25,10.0,0.0,-0.1,12.6,377,2270,138,ONO,Hiver
184,Marseille,13008,5.37329867,43.25381944,Escale Borely,Littoral (terrestre),Digue et ouvrage,Présent au sol (abandonné) ou échoué,289964.9551,2022-02-06,3730,310.0,61.914108328711656,111.37714419746244,285.25,10.0,0.0,-0.1,12.6,1067,9090,105,ONO,Hiver
185,Marseille,13008,5.378771878,43.25787885,Hippodrome Borely,Zone urbaine,"Parc urbain, Jardin public",Présent au sol (abandonné),193697.0836,2022-02-06,5000,310.0,61.914108328711656,111.37714419746244,285.25,10.0,0.0,-0.1,12.6,0,0,0,ONO,Hiver
186,Marseille,13007,5.352770708,43.28011066,Anse de la fausse monnaie,Littoral (terrestre),Rocher et crique,Présent au sol (abandonné) ou échoué,2684.691892,2022-02-26,223.5,270.0,58.30903481228895,175.72910168376686,285.55,0.0,0.0,-0.1,26.6,188,701,10,O,Hiver
187,Marseille,13014,5.386891028,43.31940516,"Exterieurs du collège Henri Wallon, Marseille 13014",Zone urbaine,"Parc urbain, Jardin public",Présent au sol (abandonné),8373.337057,2022-01-13,172,270.0,60.32226961507387,197.77136263452303,281.15,0.0,0.0,-0.2,4.9,90,130,47,O,Hiver
188,Marseille,13013,5.408961792,43.32814099,"COllège Auguste Renoir, cour + espace naturels",Zone urbaine,"Parc urbain, Jardin public",Présent au sol (abandonné),11995.13671,2022-02-04,278.5,250.0,65.76387031669546,113.81483196443753,287.15,0.0,-0.1,-0.1,15.5,1292,0,47,OSO,Hiver
189,Marseille,13008,5.395327026,43.26780733,99 boulevard Michelet,Cours d'eau,Berge naturelle (hors plage),Présent au sol (abandonné),862.4556102,2022-03-20,4653,140.0,28.21778601502734,23.49230922863017,289.85,0.0,0.0,2.5,2.9000000000000004,518,1000,0,SE,Printemps
190,Marseille,13008,5.374274881,43.25311003,Plages de l'Escale Borely,Littoral (terrestre),"Parc urbain, Jardin public",Présent au sol (abandonné),181434.7303,2022-04-30,3310,270.0,29.336273291055917,164.36400192338255,296.85,0.0,0.0,11.899999999999997,15.399999999999997,519,26000,127,O,Printemps
191,Marseille,13008,5.371019433,43.26267401,Plage du Prado Nord,Littoral (terrestre),"Parc urbain, Jardin public",Présent au sol (abandonné) ou échoué,122899.127,2022-06-05,790,250.0,13.757576645362528,69.19819582133607,301.85,0.0,0.0,0.999999999999998,37.0,372,12001,11,OSO,Eté
192,Marseille,13008,5.366882121,43.24499178,Port de la Pointe Rouge,Littoral (terrestre),Port,Présent au sol (abandonné) ou échoué,1588.409385,2022-07-24,1730,270.0,32.47726810093663,269.804969891632,307.75,0.0,0.0,0.0,2.2,942,4510,7,O,Eté
194,Marseille,13000,5.290054896,43.35779848,Plages de Corbières,Littoral (terrestre),"Plage (sable, galets, gravillons)",Présent au sol (abandonné) ou échoué,14988.22654,2022-09-17,4960,,,,,,,,,5569,47016,21,,Automne
195,Marseille,13008,5.372991278,43.25800027,plage de l'huveaune,Mer-Océan,Mer-Océan,Flottant,89070.05251,2022-03-06,1600,300.0,11.967500863573811,84.70498926390422,284.25,0.0,0.0,0.0,13.6,141,10,3,ONO,Printemps
196,Marseille,13010,5.409413424,43.27528876,Berge de l'Huveaune - Collège Louise Michel,Cours d'eau,Berge naturelle (hors plage),Présent au sol (abandonné) ou échoué,292.0049792,2018-06-22,266.27,310.0,41.7531374754532,96.2924978787184,298.65,0.0,0.0,0.0,22.4,394,210,3,ONO,Eté
197,Marseille,13009,5.402592936,43.27091708,Promenade Dromel,Zone urbaine,"Route, rue, place",Présent au sol (abandonné),11675.93078,2022-03-26,120,270.0,35.11328139131244,72.50799673422966,291.65,0.0,0.0,0.4,2.8000000000000007,58,50,18,O,Printemps
198,Marseille,13011,5.462065698,43.29043382,Emmaüs Saint Marcel,Cours d'eau,Lit du cours d'eau,Présent au sol (abandonné) ou échoué,1131.195016,2022-03-20,6393,140.0,28.21778601502734,23.49230922863017,289.85,0.0,0.0,2.5,2.9000000000000004,121,15,50,SE,Printemps
199,Marseille,13009,5.406496519,43.27318167,Berges de L'Huveaune,Cours d'eau,Berge naturelle (hors plage),Enfoui,5486.502108,2022-03-03,2070,250.0,10.60425100771025,84.49418837717911,286.35,0.0,0.0,-0.1,26.4,77,0,0,OSO,Printemps
201,Marseille,13008,5.362398465,43.24036172,Bain des dames,Littoral (terrestre),"Plage (sable, galets, gravillons)",Présent au sol (abandonné),1051.044866,2022-03-22,37,180.0,22.28313792839693,47.69953722206738,289.95,0.0,0.0,0.30000000000000004,2.9000000000000004,7,714,2,S,Printemps
204,Marseille,13015,5.362443956,43.34487731,Ruisseau des Aygalades,Cours d'eau,Berge naturelle (hors plage),Enfoui,10353.13475,2022-03-31,2000,310.0,26.94404767369811,62.53057654273653,291.45,0.0,1.8,3.4000000000000004,6.200000000000001,0,0,0,ONO,Printemps
205,Marseille,13015,5.353604476,43.36130468,Parc Foresta,Zone urbaine,"Parc urbain, Jardin public",Présent au sol (abandonné),18983.13261,2022-04-03,1700,270.0,63.28217893907487,130.5300363414114,284.25,0.0,0.0,-0.10000000000000178,15.1,1023,0,49,O,Printemps
206,Marseille,13015,5.348791485,43.34406896,Collège Arthur Rimbaud,Zone urbaine,"Parc urbain, Jardin public",Présent au sol (abandonné),29414.19538,2022-03-17,174,10.0,37.56511222275515,20.82175226919815,290.25,0.0,0.0,2.5,8.0,344,150,50,N,Printemps
207,Marseille,13008,5.362459916,43.240843,Plage du bain des dames et alentours,Littoral (terrestre),"Plage (sable, galets, gravillons)",Présent au sol (abandonné) ou échoué,5834.32046,2022-05-01,605,260.0,14.465970278150571,64.30348619228947,295.65,0.0,0.0,5.800000000000001,11.9,101,1854,2,OSO,Printemps
209,Marseille,13007,5.368798163,43.26749893,bassin du Roucas blanc,Littoral (terrestre),Digue et ouvrage,Présent au sol (abandonné) ou échoué,39758.13897,2022-05-14,1200,200.0,34.201100143957596,113.46451469707944,298.05,0.0,0.2,9.499999999999998,14.9,125,102,0,SSO,Printemps
210,Marseille,13008,5.375873193,43.23595022,Parc Pastré,Zone naturelle ou rurale (hors littoral et montagne),Forêt,Présent au sol (abandonné),6964.444207,2022-04-29,1260,190.0,28.56678812913123,155.25129630538433,296.15,0.0,0.0,12.699999999999996,15.399999999999997,117,56,17,S,Printemps
211,Marseille,13000,5.292138573,43.35768852,Corbières,Mer-Océan,Mer-Océan,Flottant,21525.6551,2022-05-08,355,210.0,25.37548906688618,85.85734892809147,295.65,0.0,0.2,0.0,5.6000000000000005,386,6,6,SSO,Printemps
213,Marseille,13009,5.403706145,43.21350772,Cortiou - zone occupée par ouvriers et pêcheurs,Littoral (terrestre),Digue et ouvrage,Présent au sol (abandonné) ou échoué,4074.383266,2022-03-29,4510,180.0,37.60683252362133,78.3789575451733,292.75,0.0,0.0,0.0,2.8000000000000007,0,0,0,S,Printemps
214,Marseille,13002,5.361367089,43.29664718,Le mucem,Littoral (terrestre),Digue et ouvrage,Présent au sol (abandonné) ou échoué,12095.32517,2022-08-28,3800,270.0,31.28647153931126,187.41307162960643,304.25,0.0,0.0,0.0,13.399999999999999,3523,12026,13,O,Eté
216,Marseille,13007,5.306068301,43.2821405,Friou calanque morgiret,Littoral (terrestre),"Plage (sable, galets, gravillons)",Présent au sol (abandonné) ou échoué,44761.47287,2022-06-04,190,270.0,17.050479512378317,75.22547045636057,304.15,0.0,0.0,2.3999999999999977,36.9,147,250,3,O,Eté
217,Marseille,13009,5.405055604,43.22940058,Quartier la Cayolle,Zone urbaine,"Route, rue, place",Présent au sol (abandonné),111654.0101,2022-05-21,1940,200.0,44.181822500284355,114.6186187213025,299.45,0.0,0.0,0.0,15.1,339,500,69,SSO,Printemps
218,Marseille,13007,5.362061107,43.27319081,Prophète,Littoral (terrestre),"Plage (sable, galets, gravillons)",Présent au sol (abandonné) ou échoué,7147.994715,2022-06-04,227,270.0,17.050479512378317,75.22547045636057,304.15,0.0,0.0,2.3999999999999977,36.9,96,788,1,O,Eté
220,Marseille,13008,5.349761631,43.22959395,spot Mauvais Pas Samena et Mont Rose,Littoral (terrestre),Rocher et crique,Présent au sol (abandonné) ou échoué,77403.85565,2022-06-04,1590,270.0,17.050479512378317,75.22547045636057,304.15,0.0,0.0,2.3999999999999977,36.9,506,3047,21,O,Eté
221,Marseille,13008,5.363557104,43.21020705,callelongue  queyrons,Littoral (terrestre),Rocher et crique,Présent au sol (abandonné),440182.7252,2022-06-04,500,270.0,17.050479512378317,75.22547045636057,304.15,0.0,0.0,2.3999999999999977,36.9,0,0,0,O,Eté
222,Marseille,13009,5.43233554,43.23260205,Parking de Kedge Business School,Zone urbaine,"Route, rue, place",Présent au sol (abandonné),20638.05296,2022-06-04,2235,270.0,17.050479512378317,75.22547045636057,304.15,0.0,0.0,2.3999999999999977,36.9,369,200,90,O,Eté
223,Marseille,13008,5.35365864,43.21231816,Callelongue,Littoral (terrestre),Rocher et crique,Présent au sol (abandonné) ou échoué,259727.9635,2022-06-04,1328,270.0,17.050479512378317,75.22547045636057,304.15,0.0,0.0,2.3999999999999977,36.9,373,2200,71,O,Eté
224,Marseille,13009,5.49728189,43.20273551,Plage d'En-Vau,Littoral (terrestre),"Plage (sable, galets, gravillons)",Présent au sol (abandonné) ou échoué,7160.22923,2022-07-17,91,260.0,32.5685965677291,281.7971881651187,305.05,0.0,0.0,0.0,2.7,32,65,0,OSO,Eté
225,Marseille,13011,5.460595978,43.2837658,Parking et chemins de la route des Crêtes,Montagne,Sentier et chemin,Présent au sol (abandonné),14071.60315,2022-08-03,457,180.0,51.00944724894189,175.69504778743175,306.35,0.0,0.0,0.2,33.4,271,300,10,S,Eté
226,Marseille,13009,5.444536194,43.21221038,Calanque de Morgiou,Mer-Océan,Mer-Océan,Flottant,13013.01344,2022-06-18,716,180.0,39.30349336395049,99.07333976538717,308.05,0.0,0.0,0.0,4.3,121,2,0,S,Eté
227,Marseille,13007,5.352666504,43.28007595,Anse de la Fausse Monnaie,Littoral (terrestre),Rocher et crique,Présent au sol (abandonné) ou échoué,2545.324088,2022-07-23,153.5,260.0,32.47726810093663,271.1690326976217,305.65,0.0,0.0,0.0,2.2,313,2518,7,OSO,Eté
228,Marseille,13008,5.343020953,43.21493136,Plage de la Maronaise,Littoral (terrestre),"Plage (sable, galets, gravillons)",Présent au sol (abandonné) ou échoué,876.9736702,2022-06-04,31.18,270.0,17.050479512378317,75.22547045636057,304.15,0.0,0.0,2.3999999999999977,36.9,242,280,97,O,Eté
229,Marseille,13007,5.346576562,43.28106855,Anse de Malmousque,Littoral (terrestre),Digue et ouvrage,Présent au sol (abandonné),10109.77244,2022-06-25,680,210.0,41.74704762459098,80.9282195404191,303.55,0.0,0.0,4.799999999999998,7.1,193,5000,9,SSO,Eté
230,Marseille,13007,5.299486719,43.26979772,Plage de Pomègues,Littoral (terrestre),"Plage (sable, galets, gravillons)",Présent au sol (abandonné) ou échoué,491.9193969,2022-04-20,73.1,100.0,21.024217718552844,162.7422844918439,290.65,61.0,0.4,1.1999999999999984,9.999999999999998,163,41,30,E,Printemps
231,Marseille,13008,5.34561768,43.22160756,Escalette,Littoral (terrestre),Rocher et crique,Présent au sol (abandonné),20771.36857,2022-06-04,298.1,270.0,17.050479512378317,75.22547045636057,304.15,0.0,0.0,2.3999999999999977,36.9,178,2415,13,O,Eté
232,Marseille,13008,5.340372988,43.21504893,Littoral Nord Maronaise (sans la plage),Littoral (terrestre),Rocher et crique,Présent au sol (abandonné),13340.08037,2022-06-04,310,270.0,17.050479512378317,75.22547045636057,304.15,0.0,0.0,2.3999999999999977,36.9,82,1055,21,O,Eté
233,Marseille,13008,5.34264682,43.21318121,Littoral Sud  Maronaise,Littoral (terrestre),Rocher et crique,Présent au sol (abandonné) ou échoué,27806.98449,2022-06-04,155,270.0,17.050479512378317,75.22547045636057,304.15,0.0,0.0,2.3999999999999977,36.9,21,415,2,O,Eté
234,Marseille,13009,5.437196481,43.22888528,Barrière de Luminy et alentours,Zone naturelle ou rurale (hors littoral et montagne),Sentier et chemin,Présent au sol (abandonné),15870.70023,2022-06-11,432,260.0,42.79439052819224,84.713260497319,306.85,0.0,0.0,-0.100000000000002,16.8,51,160,14,OSO,Eté
236,Marseille,13008,5.348865421,43.21383575,Parking Napoléon,Littoral (terrestre),Parking,Présent au sol (abandonné),3147.903369,2022-07-05,345,330.0,40.48141999126216,268.3106285695627,307.25,0.0,0.0,2.2,3.6,109,1270,9,NO,Eté
237,Marseille,13008,5.373030832,43.26030963,Terrains sports en plage et alentours,Zone urbaine,"Parc urbain, Jardin public",Présent au sol (abandonné),28404.72081,2022-07-14,70.5,260.0,27.653773916111373,268.41333597356515,305.45,0.0,0.0,0.0,2.6,66,27001,2,OSO,Eté
238,Marseille,13009,5.428932598,43.23821531,Parking de l'ancienne piscine de Luminy,Zone naturelle ou rurale (hors littoral et montagne),Parking,Présent au sol (abandonné),2614.0544,2022-07-13,1562,190.0,23.162459855061705,266.84648806283997,303.45,0.0,0.0,0.0,3.6,301,170,3,S,Eté
239,Marseille,13007,5.299486719,43.26979772,Plage de Pomègues,Littoral (terrestre),"Plage (sable, galets, gravillons)",Présent au sol (abandonné) ou échoué,491.9193969,2022-06-23,32.8,140.0,48.24394212892939,83.71057854040049,298.05,0.0,3.5,4.899999999999998,7.799999999999999,169,70,16,SE,Eté
240,Marseille,13009,5.435145945,43.23783723,"Aire de pique nique et routes s'y rendant depuis les barrières DFCI stade, rond point et CROUS",Zone urbaine,"Route, rue, place",Présent au sol (abandonné),7624.76022,2022-07-20,249,250.0,35.010386822454045,264.23715412361867,306.25,0.0,0.0,0.0,2.8000000000000003,57,135,0,OSO,Eté
241,Marseille,13007,5.34994393,43.28546812,Vallon des Auffes,Multi-lieux,Multi-Lieux,Présent au sol (abandonné) ou échoué,17961.76496,2022-08-07,2400,280.0,30.114539761562305,169.3695254496549,305.15,0.0,0.0,0.0,33.4,597,1001,0,O,Eté
242,Marseille,13007,5.299126238,43.28149927,plage frioul,Littoral (terrestre),"Plage (sable, galets, gravillons)",Présent au sol (abandonné),626.7109933,2022-08-18,58,,,,,,,,,39,1,0,,Eté
243,Marseille,13007,5.350052842,43.2852192,Vallon des Auffes,Littoral (terrestre),Digue et ouvrage,Présent au sol (abandonné) ou échoué,8560.183532,2022-09-11,460,270.0,20.960658439756468,172.0310419126396,299.55,0.0,0.0,0.0,75.5,50,3,0,O,Automne
244,Marseille,13007,5.307500619,43.28495828,Plage du frioul,Littoral (terrestre),"Plage (sable, galets, gravillons)",Présent au sol (abandonné),1501.111045,2022-08-18,236,,,,,,,,,26,29,6,,Eté
245,Marseille,13007,5.349694951,43.28546684,Vallon des Auffes,Mer-Océan,Mer-Océan,Flottant,25226.52653,2022-09-11,355,270.0,20.960658439756468,172.0310419126396,299.55,0.0,0.0,0.0,75.5,184,33,28,O,Automne
246,Marseille,13009,5.402592936,43.27091708,Promenade Dromel,Zone urbaine,"Route, rue, place",Présent au sol (abandonné),11675.93078,2022-10-01,20,290.0,32.42642256397246,211.2711488769442,291.35,0.0,0.0,0.0,-0.30000000000000004,47,200,4,O,Automne
247,Marseille,13000,5.292249819,43.35765827,Corbières,Mer-Océan,Mer-Océan,Flottant,32589.11009,2022-09-17,250,,,,,,,,,105,11,1,,Automne
248,Marseille,13009,5.401825701,43.23146653,quartier de la Cayolle,Zone urbaine,"Route, rue, place",Présent au sol (abandonné),432903.7733,2022-09-23,991,210.0,40.12541919791965,170.18256266728335,297.75,0.0,0.2,1.2,5.500000000000001,457,505,54,SSO,Automne
249,Marseille,13008,5.342974572,43.2148876,Plage de la Maronaise,Littoral (terrestre),"Plage (sable, galets, gravillons)",Présent au sol (abandonné) ou échoué,332.8853906,2021-11-06,119.9,320.0,50.04849294936568,225.5074877104153,288.35,0.0,0.0,17.0,17.8,996,77,30,NO,Automne
250,Marseille,13008,5.350106647,43.21278284,Route de Callelongue,Littoral (terrestre),Rocher et crique,Présent au sol (abandonné) ou échoué,43852.87161,2022-09-17,1487,,,,,,,,,484,10000,45,,Automne
252,Marseille,13009,5.408328259,43.27487917,Dromel 2,Cours d'eau,Berge naturelle (hors plage),Présent au sol (abandonné) ou échoué,27.80650638,2022-10-18,5800,270.0,21.386625303411396,193.14723323946433,297.45,0.0,0.0,0.1,1.9,128,0,5,O,Automne
253,Marseille,13009,5.404962822,43.27231121,DROMEL 1,Zone urbaine,"Route, rue, place",Enfoui,15508.89405,2022-10-19,600,350.0,19.47845484177729,189.3217984482101,296.55,0.0,0.2,0.30000000000000004,2.1,169,0,35,NNO,Automne
254,Marseille,13009,5.406076724,43.27295326,DROMEL 1,Zone urbaine,"Route, rue, place",Présent au sol (abandonné),7225.754732,2022-10-19,300,350.0,19.47845484177729,189.3217984482101,296.55,0.0,0.2,0.30000000000000004,2.1,0,0,0,NNO,Automne
255,Marseille,13008,5.396941393,43.26800217,Huveaune côté stade Vélodrome,Cours d'eau,Berge naturelle (hors plage),Présent au sol (abandonné),12727.88035,2022-10-16,3250,160.0,22.628556401249277,195.26584339779953,299.45,0.0,0.0,0.30000000000000004,1.7,561,1000,251,SSE,Automne
256,Marseille,13007,5.362003009,43.29387438,Quai Marcel Pagnol,Littoral (terrestre),Port,Présent au sol (abandonné),942.680356,2022-11-27,3900,270.0,29.72964132244439,235.999123808926,289.35,0.0,0.0,7.3999999999999995,80.69999999999999,4758,5060,53,O,Automne
257,Marseille,13008,5.366827509,43.24521272,Club de Voile Pointe Rouge,Littoral (terrestre),Digue et ouvrage,Présent au sol (abandonné) ou échoué,3437.679887,2022-10-08,0,290.0,32.904071812785695,203.9397838242018,294.45,0.0,1.0,1.4,1.2,0,0,0,O,Automne
258,Marseille,13007,5.369641841,43.26667845,Club La Pelle,Littoral (terrestre),Digue et ouvrage,Présent au sol (abandonné) ou échoué,14866.4105,2022-10-15,1600,270.0,27.251887978744026,196.9386212266118,297.75,0.0,0.2,0.5,1.7,178,140,4,O,Automne
259,Marseille,13008,5.385445612,43.26292826,Parc Henri Fabre,Cours d'eau,Berge naturelle (hors plage),Présent au sol (abandonné) ou échoué,5707.38827,2022-10-15,1200,270.0,27.251887978744026,196.9386212266118,297.75,0.0,0.2,0.5,1.7,132,0,19,O,Automne
260,Marseille,13007,5.299486719,43.26979772,Plage de Pomègues,Littoral (terrestre),"Plage (sable, galets, gravillons)",Echoué,491.9193969,2022-09-16,118.55,320.0,22.72318067660624,163.979828389023,299.75,10.0,0.0,2.6,78.1,821,219,109,NO,Automne
261,Marseille,13007,5.352958899,43.28033868,Anse de la Fausse Monnaie,Littoral (terrestre),Rocher et crique,Présent au sol (abandonné) ou échoué,851.7148746,2022-11-14,202.3,100.0,13.351739205103765,166.87077558510268,291.55,0.0,-0.1,0.5000000000000001,92.5,270,809,8,E,Automne
262,Marseille,13007,5.289795862,43.26250242,Calanques Cambrettes,Littoral (terrestre),Rocher et crique,Présent au sol (abandonné) ou échoué,1154.340889,2022-09-30,250,320.0,51.221965802704865,178.08533957887244,292.25,0.0,0.0,29.6,34.2,374,30,15,NO,Automne
263,Marseille,13007,5.304563989,43.28213602,Calanque de Morgiret,Mer-Océan,Mer-Océan,Flottant,21108.34049,2022-07-08,225,270.0,45.0790131039519,290.27811239882925,304.25,0.0,0.0,0.0,3.6,98,0,0,O,Eté
264,Marseille,13000,5.293898345,43.35898039,Corbières,Littoral (terrestre),Digue et ouvrage,Présent au sol (abandonné) ou échoué,1638.283785,2022-10-06,202,250.0,37.13991039448965,210.3347129765197,296.95,0.0,0.2,0.4,0.1,75,2448,0,OSO,Automne
265,Marseille,13008,5.367350821,43.24521152,Pointe Rouge,Littoral (terrestre),Port,Présent au sol (abandonné) ou échoué,6124.595188,2022-10-08,980,290.0,32.904071812785695,203.9397838242018,294.45,0.0,1.0,1.4,1.2,410,1000,13,O,Automne
266,Marseille,13003,5.375369002,43.31316302,Boulevard National,Zone urbaine,"Route, rue, place",Présent au sol (abandonné),13888.35397,2023-01-15,7265,260.0,29.48183011232809,194.8743373139362,285.25,0.0,0.0,-0.09999999999999998,14.399999999999999,5962,5000,0,OSO,Hiver
267,Marseille,13006,5.371127498,43.28437449,Notre Dame de la Garde,Zone urbaine,"Parc urbain, Jardin public",Présent au sol (abandonné),61591.1726,2023-02-12,4762,300.0,11.628610596619607,109.90903234649134,283.05,0.0,0.0,6.3,18.0,2978,30032,88,ONO,Hiver
268,Marseille,13007,5.348620067,43.28026932,Anse de Malmousque et ses alentours,Mer-Océan,Mer-Océan,Flottant,33946.37722,2023-03-05,39.5,260.0,36.85351950675501,247.00542927708838,283.75,0.0,0.0,10.4,28.3,6,0,0,OSO,Printemps
269,Marseille,13007,5.349622998,43.28139599,Plateau de Malmousque et ses alentours,Littoral (terrestre),Multi-Lieux,Présent au sol (abandonné) ou échoué,79400.33468,2023-03-05,1661,260.0,36.85351950675501,247.00542927708838,283.75,0.0,0.0,10.4,28.3,402,6011,23,OSO,Printemps
270,Marseille,13008,5.342997017,43.21490014,Plage de la Maronaise,Littoral (terrestre),"Plage (sable, galets, gravillons)",Présent au sol (abandonné) ou échoué,1379.876103,2022-12-05,18.3,,,,,,,,,173,58,20,,Hiver
271,Marseille,13006,5.371113016,43.28433024,Colline de la Notre Dame de la Garde,Zone urbaine,"Parc urbain, Jardin public",Présent au sol (abandonné),60284.42014,2022-09-28,57,280.0,45.95466583828771,182.39459768099206,295.95,0.0,0.2,30.8,34.2,248,2503,7,O,Automne
272,Marseille,13008,5.367022528,43.24514273,Club de Voile Pointe Rouge,Littoral (terrestre),Digue et ouvrage,Présent au sol (abandonné) ou échoué,4514.954027,2023-01-22,800,330.0,65.13654146867309,206.36479039047813,279.25,0.0,0.0,1.0999999999999999,1.3,135,174,2,NO,Hiver
273,Marseille,13007,5.299521759,43.26982761,Plage de Pomègues,Littoral (terrestre),"Plage (sable, galets, gravillons)",Echoué,491.9193969,2023-01-20,22.91,330.0,49.940931052201,204.06051140031198,280.55,10.0,0.0,1.0999999999999999,1.3,148,41,7,NO,Hiver
274,Marseille,13007,5.318979402,43.2847957,Calanque de L'Eoube,Littoral (terrestre),"Plage (sable, galets, gravillons)",Présent au sol (abandonné) ou échoué,1047.738429,2022-11-25,1165,240.0,47.6116296384474,253.3371311907553,288.65,0.0,-0.1,7.3999999999999995,80.69999999999999,89,3,0,SO,Automne
275,Marseille,13007,5.3620065,43.273192,Plage du prophète,Littoral (terrestre),"Plage (sable, galets, gravillons)",Présent au sol (abandonné) ou échoué,6887.835321,2023-01-25,125,330.0,67.95793658002053,204.07094905861447,281.05,0.0,0.0,0.0,1.3,38,25,7,NO,Hiver
276,Marseille,13015,5.353263698,43.35974235,Parc Foresta,Zone urbaine,"Parc urbain, Jardin public",Présent au sol (abandonné),47329.45672,2023-03-26,3225,320.0,20.541100729790358,183.9368418450922,290.15,0.0,0.0,0.0,16.0,1041,0,31,NO,Printemps
277,Marseille,13055,5.374567509,43.25478507,Plages du Prado,Littoral (terrestre),Digue et ouvrage,Présent au sol (abandonné) ou échoué,43938,2022-02-23,856,250.0,66.49953191703518,178.08859916706018,290.05,0.0,0.0,0.4,34.0,,,,OSO,Hiver
278,Marseille,13055,5.3064394,43.27548224,"Isles du Frioul, Marseille",Littoral (terrestre),Rocher et crique,Présent au sol (abandonné) ou échoué,1693402,2022-05-28,960,330.0,30.56143924706909,121.07534004276722,300.55,0.0,0.0,-0.2,9.100000000000001,,,,NO,Printemps
279,Marseille,13055,5.290571451,43.35772396,Plage de Corbières,Littoral (terrestre),"Plage (sable, galets, gravillons)",Présent au sol (abandonné) ou échoué,15129,2022-06-03,615.5,60.0,11.028151509690325,76.9793126205886,303.25,0.0,0.4,2.9999999999999982,36.9,,,,ENE,Eté
280,Marseille,13055,5.380967259,43.26011638,Parc Borély,Zone urbaine,"Parc urbain, Jardin public",Présent au sol (abandonné),9103,2022-06-22,9.6,110.0,48.737488619058716,91.29038304941041,299.25,0.0,1.4,1.399999999999998,4.299999999999999,,,,ESE,Eté
281,Marseille,13055,5.303459466,43.36088146,Thalassanté,Littoral (terrestre),Port,Présent au sol (abandonné),20169,2022-07-24,4840,270.0,32.47726810093663,269.804969891632,307.75,0.0,0.0,0.0,2.2,,,,O,Eté
282,Marseille,13055,5.293757021,43.35875869,Plage de la Lave,Littoral (terrestre),Digue et ouvrage,Présent au sol (abandonné) ou échoué,4136,2022-09-29,958.5,280.0,46.71636035068012,179.8439980558943,293.55,0.0,0.0,29.8,34.2,,,,O,Automne
283,Marseille,13055,5.373103023,43.2630511,Plage du Prado,Littoral (terrestre),"Parc urbain, Jardin public",Présent au sol (abandonné),22471,2022-07-13,38.7,190.0,23.162459855061705,266.84648806283997,303.45,0.0,0.0,0.0,3.6,,,,S,Eté
